GTBRL1Y Govt,,GTBRL5Y Govt,,GTBRL10Y Govt,
1/2/2019,6.7937,3/26/2020,6.8966,1/2/2019,1/9/1900
1/3/2019,6.82,3/27/2020,6.9699,1/3/2019,9.1781
1/4/2019,6.8623,3/30/2020,6.7855,1/4/2019,9.1312
1/7/2019,6.968,3/31/2020,6.8541,1/7/2019,9.188
1/8/2019,6.9471,4/1/2020,6.8641,1/8/2019,9.152
1/9/2019,6.9632,4/2/2020,6.9356,1/9/2019,9.1209
1/10/2019,7.0428,4/3/2020,7.2036,1/10/2019,9.2609
1/11/2019,7.0166,4/6/2020,6.9733,1/11/2019,9.197
1/14/2019,6.9727,4/7/2020,6.982,1/14/2019,9.131
1/15/2019,7.041,4/8/2020,6.7337,1/15/2019,9.26
1/16/2019,7.0157,4/9/2020,6.6379,1/16/2019,9.2575
1/17/2019,6.9759,4/13/2020,6.5462,1/17/2019,9.1833
1/18/2019,6.9217,4/14/2020,6.2874,1/18/2019,9.1
1/21/2019,6.9443,4/15/2020,6.245,1/21/2019,9.0639
1/22/2019,6.8883,4/16/2020,6.0533,1/22/2019,9.123
1/23/2019,6.8032,4/17/2020,6.0366,1/23/2019,8.9616
1/24/2019,6.8238,4/20/2020,5.903,1/24/2019,9.1009
1/25/2019,6.7973,4/22/2020,5.9049,1/28/2019,9.1262
1/28/2019,6.8193,4/23/2020,6.3033,1/29/2019,9.035
1/29/2019,6.7734,4/24/2020,7.1308,1/30/2019,9.054
1/30/2019,6.7256,4/27/2020,7.3624,1/31/2019,8.8712
1/31/2019,6.6464,4/28/2020,6.5587,2/1/2019,8.715
2/1/2019,6.612,4/29/2020,6.3291,2/4/2019,8.7912
2/4/2019,6.6463,4/30/2020,6.3968,2/5/2019,8.8219
2/5/2019,6.652,5/4/2020,6.4908,2/6/2019,8.9409
2/6/2019,6.6635,5/5/2020,6.3716,2/7/2019,8.9999
2/7/2019,6.7835,5/6/2020,6.291,2/8/2019,9.051
2/8/2019,6.8406,5/7/2020,6.38,2/11/2019,9.0532
2/11/2019,6.8397,5/8/2020,6.2379,2/12/2019,8.9736
2/12/2019,6.8071,5/11/2020,6.2362,2/13/2019,8.9559
2/13/2019,6.704,5/12/2020,6.49,2/14/2019,8.8066
2/14/2019,6.6563,5/13/2020,6.7099,2/15/2019,8.7862
2/15/2019,6.6194,5/14/2020,6.5799,2/18/2019,8.9249
2/18/2019,6.6629,5/15/2020,6.5774,2/19/2019,8.8849
2/19/2019,6.6599,5/18/2020,6.389,2/20/2019,8.976
2/20/2019,6.7234,5/19/2020,6.3299,2/21/2019,9
2/21/2019,6.7377,5/20/2020,6.3509,2/22/2019,8.961
2/22/2019,6.7194,5/21/2020,6.1494,2/25/2019,8.989
2/25/2019,6.7606,5/22/2020,5.9647,2/26/2019,9.0068
2/26/2019,6.7582,5/25/2020,5.8449,2/27/2019,8.965
2/27/2019,6.7318,5/26/2020,5.852,2/28/2019,9.02
2/28/2019,6.7922,5/27/2020,5.8099,3/1/2019,9.058
3/1/2019,6.779,5/28/2020,5.9183,3/6/2019,9.095
3/6/2019,6.8143,5/29/2020,5.7812,3/7/2019,9.0562
3/7/2019,6.7916,6/1/2020,5.7712,3/8/2019,9.0168
3/8/2019,6.7645,6/2/2020,5.5024,3/11/2019,8.8909
3/11/2019,6.7217,6/3/2020,5.4339,3/12/2019,8.8149
3/12/2019,6.6578,6/4/2020,5.5019,3/13/2019,8.75
3/13/2019,6.567,6/5/2020,5.5937,3/14/2019,8.8509
3/14/2019,6.6194,6/8/2020,5.5387,3/15/2019,8.8403
3/15/2019,6.4636,6/9/2020,5.5599,3/18/2019,8.8062
3/18/2019,6.4212,6/10/2020,5.4683,3/19/2019,8.813
3/19/2019,6.4378,6/12/2020,5.4687,3/20/2019,8.7212
3/20/2019,6.4212,6/15/2020,5.5162,3/21/2019,8.7781
3/21/2019,6.4063,6/16/2020,5.5624,3/22/2019,9.1916
3/22/2019,6.5709,6/17/2020,5.4437,3/25/2019,8.9889
3/25/2019,6.524,6/18/2020,5.6717,3/26/2019,9.0639
3/26/2019,6.5567,6/19/2020,5.6861,3/27/2019,9.3583
3/27/2019,6.7275,6/22/2020,5.7174,3/28/2019,8.93
3/28/2019,6.5631,6/23/2020,5.6484,3/29/2019,8.9833
3/29/2019,6.6217,6/24/2020,5.7526,4/1/2019,8.8412
4/1/2019,6.5481,6/25/2020,5.5831,4/2/2019,8.895
4/2/2019,6.5203,6/26/2020,5.6389,4/3/2019,9
4/3/2019,6.5543,6/29/2020,5.5589,4/4/2019,8.8987
4/4/2019,6.5359,6/30/2020,5.489,4/5/2019,8.9275
4/5/2019,6.5242,7/1/2020,5.4178,4/8/2019,8.9639
4/8/2019,6.5185,7/2/2020,5.4267,4/9/2019,8.9809
4/9/2019,6.5408,7/3/2020,5.3634,4/10/2019,8.9274
4/10/2019,6.5271,7/6/2020,5.3601,4/11/2019,8.9183
4/11/2019,6.5376,7/7/2020,5.4377,4/12/2019,8.9862
4/12/2019,6.5428,7/8/2020,5.4875,4/15/2019,8.9186
4/15/2019,6.5026,7/9/2020,5.4418,4/16/2019,8.9836
4/16/2019,6.5034,7/10/2020,5.3631,4/17/2019,9.0162
4/17/2019,6.5057,7/13/2020,5.459,4/18/2019,8.9752
4/18/2019,6.4732,7/14/2020,5.3993,4/22/2019,8.9862
4/22/2019,6.4652,7/15/2020,5.3863,4/23/2019,8.8637
4/23/2019,6.4632,7/16/2020,5.3734,4/24/2019,8.9868
4/24/2019,6.4857,7/17/2020,5.3146,4/25/2019,8.9733
4/25/2019,6.4997,7/20/2020,5.3346,4/26/2019,8.9724
4/26/2019,6.5347,7/21/2020,5.3414,4/29/2019,9.0099
4/29/2019,6.5765,7/22/2020,5.4246,4/30/2019,8.9954
4/30/2019,6.5638,7/23/2020,5.4748,5/2/2019,8.9766
5/2/2019,6.5942,7/24/2020,5.2877,5/3/2019,8.8987
5/3/2019,6.5471,7/27/2020,5.2284,5/6/2019,8.8911
5/6/2019,6.5162,7/28/2020,5.225,5/7/2019,8.875
5/7/2019,6.5212,7/29/2020,5.2837,5/8/2019,8.8287
5/8/2019,6.4867,7/30/2020,5.055,5/9/2019,8.8024
5/9/2019,6.4557,7/31/2020,5.0682,5/10/2019,8.7824
5/10/2019,6.4432,8/3/2020,5.026,5/13/2019,8.8809
5/13/2019,6.4663,8/4/2020,5.1381,5/14/2019,8.8019
5/14/2019,6.4261,8/5/2020,5.2687,5/15/2019,8.872
5/15/2019,6.4408,8/6/2020,5.1443,5/16/2019,9.0066
5/16/2019,6.4765,6/29/2021,8.5054,5/17/2019,9.1383
5/17/2019,6.5334,6/30/2021,8.5726,5/20/2019,8.9979
5/20/2019,6.4864,7/1/2021,8.6943,5/21/2019,8.8074
5/21/2019,6.4481,7/2/2021,8.669,5/22/2019,8.8708
5/22/2019,6.4402,7/5/2021,8.7524,5/23/2019,8.8137
5/23/2019,6.4026,7/6/2021,8.8304,5/24/2019,8.858
5/24/2019,6.4004,7/7/2021,8.7515,5/27/2019,8.8159
5/27/2019,6.3673,7/8/2021,8.8024,5/28/2019,8.6559
5/28/2019,6.2905,7/12/2021,8.8534,5/29/2019,8.5324
5/29/2019,6.286,7/13/2021,8.8642,5/30/2019,8.4424
5/30/2019,6.2752,7/14/2021,8.7223,5/31/2019,8.4699
5/31/2019,6.2239,7/15/2021,8.7046,6/3/2019,8.219
6/3/2019,6.1904,7/16/2021,8.6938,6/4/2019,8.2124
6/4/2019,6.1685,7/19/2021,8.629,6/5/2019,8.2912
6/5/2019,6.2207,7/20/2021,8.6376,6/6/2019,8.2366
6/6/2019,6.1981,7/21/2021,8.6748,6/7/2019,8.1283
6/7/2019,6.1327,7/22/2021,8.6392,6/10/2019,8.1749
6/10/2019,6.1109,7/23/2021,8.7636,6/11/2019,7.998
6/11/2019,6.0788,7/26/2021,8.8123,6/12/2019,8.0219
6/12/2019,6.0882,7/27/2021,8.8334,6/13/2019,7.8949
6/13/2019,5.9856,7/28/2021,8.8634,6/14/2019,7.9111
6/14/2019,5.9318,7/29/2021,8.8301,6/17/2019,7.9566
6/17/2019,5.9736,7/30/2021,9.147,6/18/2019,7.949
6/18/2019,5.9888,8/2/2021,9.2054,6/19/2019,7.8399
6/19/2019,5.9949,8/3/2021,9.2015,6/21/2019,7.6862
6/21/2019,5.8341,8/4/2021,9.209,6/24/2019,7.6765
6/24/2019,5.8286,8/5/2021,9.56,6/25/2019,7.7099
6/25/2019,5.8963,8/6/2021,9.5145,6/26/2019,7.6166
6/26/2019,5.914,8/9/2021,9.6204,6/27/2019,7.5865
6/27/2019,5.8604,8/10/2021,9.5124,6/28/2019,7.4649
6/28/2019,5.8246,8/11/2021,9.6401,7/1/2019,7.2984
7/1/2019,5.8055,8/12/2021,9.7867,7/2/2019,7.3399
7/2/2019,5.8152,8/13/2021,9.96,7/3/2019,7.3436
7/3/2019,5.7866,8/16/2021,10.14,7/4/2019,7.2959
7/4/2019,5.6909,8/17/2021,10.2535,7/5/2019,7.3899
7/5/2019,5.6712,8/18/2021,10.588,7/8/2019,7.2937
7/8/2019,5.6513,8/19/2021,10.2985,7/10/2019,7.2224
7/9/2019,5.6372,8/20/2021,10.1015,7/11/2019,7.1979
7/10/2019,5.5947,8/23/2021,10.373,7/12/2019,7.2889
7/11/2019,5.5892,8/24/2021,10.1334,7/15/2019,7.2612
7/12/2019,5.5855,8/25/2021,9.9284,7/16/2019,7.3319
7/15/2019,5.5657,8/26/2021,9.9873,7/17/2019,7.3116
7/16/2019,5.5701,8/27/2021,9.9089,7/18/2019,7.2809
7/17/2019,5.5599,8/30/2021,9.9164,7/19/2019,7.3309
7/18/2019,5.5234,8/31/2021,10.0974,7/22/2019,7.319
7/19/2019,5.5225,9/1/2021,10.1536,7/23/2019,7.23
7/22/2019,5.4759,9/2/2021,10.2922,7/24/2019,7.1989
7/23/2019,5.4183,9/3/2021,10.4682,7/25/2019,7.26
7/24/2019,5.3998,9/6/2021,10.4001,7/26/2019,7.232
7/25/2019,5.4311,9/8/2021,10.6537,7/29/2019,7.2285
7/26/2019,5.4226,9/9/2021,10.429,7/30/2019,7.2116
7/29/2019,5.4245,9/10/2021,10.6194,7/31/2019,7.2487
7/30/2019,5.4119,9/13/2021,10.5176,8/1/2019,7.2774
7/31/2019,5.4459,9/14/2021,10.4811,8/2/2019,7.2433
8/1/2019,5.3795,9/15/2021,10.5749,8/5/2019,7.3829
8/2/2019,5.3981,9/16/2021,10.4916,8/6/2019,7.2866
8/5/2019,5.497,9/17/2021,10.6356,8/7/2019,7.195
8/6/2019,5.4337,9/20/2021,10.5161,8/8/2019,7.166
8/7/2019,5.3883,9/21/2021,10.2618,8/9/2019,7.1637
8/8/2019,5.358,9/22/2021,10.1767,8/12/2019,7.206
8/9/2019,5.3196,9/23/2021,10.3815,8/13/2019,7.2066
8/12/2019,5.3157,9/24/2021,10.4142,8/14/2019,7.2754
8/13/2019,5.3325,9/27/2021,10.5657,8/15/2019,7.2549
8/14/2019,5.3823,9/28/2021,10.6492,8/16/2019,7.1889
8/15/2019,5.36,9/29/2021,10.5811,8/19/2019,7.2859
8/16/2019,5.3047,9/30/2021,10.6411,8/20/2019,7.3087
8/19/2019,5.352,10/1/2021,10.5649,8/21/2019,7.223
8/20/2019,5.3334,10/4/2021,10.6478,8/22/2019,7.2537
8/21/2019,5.257,10/5/2021,10.6915,8/23/2019,7.2641
8/22/2019,5.2607,10/6/2021,10.545,8/26/2019,7.3866
8/23/2019,5.2992,10/7/2021,10.6276,8/27/2019,7.4211
8/26/2019,5.3711,10/8/2021,10.4914,8/28/2019,7.5987
8/27/2019,5.3931,10/11/2021,10.5304,8/29/2019,7.5489
8/28/2019,5.4617,10/13/2021,10.4503,8/30/2019,7.4509
8/29/2019,5.4461,10/14/2021,10.4629,9/2/2019,7.473
8/30/2019,5.3516,10/15/2021,10.6215,9/3/2019,7.3759
9/2/2019,5.3808,10/18/2021,10.7511,9/4/2019,7.2987
9/3/2019,5.3306,10/19/2021,11.1408,9/5/2019,7.3159
9/4/2019,5.2856,10/20/2021,11.2533,9/6/2019,7.3228
9/5/2019,5.2668,10/21/2021,11.8055,9/9/2019,7.3399
9/6/2019,5.2397,10/22/2021,11.855,9/10/2019,7.3319
9/9/2019,5.217,10/25/2021,11.8516,9/11/2019,7.3289
9/10/2019,5.2205,10/26/2021,11.9316,9/12/2019,7.309
9/11/2019,5.2201,10/27/2021,11.739,9/13/2019,7.3837
9/12/2019,5.1826,10/28/2021,12.4999,9/16/2019,7.3009
9/13/2019,5.183,10/29/2021,12.2425,9/17/2019,7.1929
9/16/2019,5.1077,11/1/2021,12.5725,9/18/2019,7.1749
9/17/2019,5.0805,11/3/2021,11.9549,9/19/2019,7.1799
9/18/2019,5.0729,11/4/2021,12.1435,9/20/2019,7.0689
9/19/2019,4.9327,11/5/2021,11.9966,9/23/2019,7.1289
9/20/2019,4.8772,11/8/2021,11.9084,9/24/2019,7.174
9/23/2019,4.8993,11/9/2021,11.6696,9/25/2019,7.1033
9/24/2019,4.9187,11/10/2021,11.6616,9/26/2019,7.072
9/25/2019,4.8924,11/11/2021,11.5842,9/27/2019,7.057
9/26/2019,4.8629,11/12/2021,11.5737,9/30/2019,7.0625
9/27/2019,4.8512,11/16/2021,11.7094,10/1/2019,7.0049
9/30/2019,4.8753,11/17/2021,11.8609,10/2/2019,7.065
10/1/2019,4.8543,11/18/2021,11.9502,10/3/2019,7.0112
10/2/2019,4.8453,11/19/2021,11.8412,10/4/2019,6.9983
10/3/2019,4.8007,11/22/2021,11.9748,10/7/2019,7.0399
10/4/2019,4.7686,11/23/2021,11.7635,10/8/2019,7.0012
10/7/2019,4.778,11/24/2021,11.7409,10/9/2019,6.9387
10/8/2019,4.7301,11/25/2021,11.8557,10/10/2019,6.8499
10/9/2019,4.6399,11/26/2021,11.6583,10/11/2019,6.7004
10/10/2019,4.5827,11/29/2021,11.5793,10/14/2019,6.6624
10/11/2019,4.5436,11/30/2021,11.3647,10/15/2019,6.759
10/14/2019,4.5436,12/1/2021,11.5135,10/16/2019,6.655
10/15/2019,4.5775,12/2/2021,11.2306,10/17/2019,6.5737
10/16/2019,4.4909,12/3/2021,11.0205,10/18/2019,6.5583
10/17/2019,4.45,12/6/2021,11.0568,10/21/2019,6.5316
10/18/2019,4.4226,12/7/2021,10.8955,10/22/2019,6.6199
10/21/2019,4.4254,12/8/2021,10.7128,10/23/2019,6.5849
10/22/2019,4.4707,12/9/2021,10.6158,10/24/2019,6.6283
10/23/2019,4.4762,12/10/2021,10.4166,10/25/2019,6.558
10/24/2019,4.4525,12/13/2021,10.4419,10/28/2019,6.5266
10/25/2019,4.3917,12/14/2021,10.5012,10/29/2019,6.525
10/28/2019,4.3857,12/15/2021,10.5728,10/30/2019,6.4879
10/29/2019,4.3503,12/16/2021,10.622,10/31/2019,6.5032
10/30/2019,4.3287,12/17/2021,10.7655,11/1/2019,6.4069
10/31/2019,4.4664,12/20/2021,10.6716,11/4/2019,6.4231
11/1/2019,4.4503,12/21/2021,10.4774,11/5/2019,6.46
11/4/2019,4.4537,12/22/2021,10.4499,11/6/2019,6.5396
11/5/2019,4.4595,12/23/2021,10.6887,11/7/2019,6.662
11/6/2019,4.435,12/27/2021,10.695,11/8/2019,6.7149
11/7/2019,4.4843,12/28/2021,10.6415,11/11/2019,6.675
11/8/2019,4.4948,12/29/2021,10.6983,11/12/2019,6.7869
11/11/2019,4.4571,12/30/2021,10.7186,11/13/2019,6.7529
11/12/2019,4.5033,1/3/2022,10.9962,11/14/2019,6.7189
11/13/2019,4.5275,1/4/2022,11.1921,11/18/2019,6.758
11/14/2019,4.5293,1/5/2022,11.4047,11/19/2019,6.8159
11/18/2019,4.55,1/6/2022,11.2795,11/21/2019,6.8637
11/19/2019,4.5295,1/7/2022,11.3138,11/22/2019,6.8664
11/20/2019,4.5476,1/10/2022,11.4393,11/25/2019,6.9699
11/21/2019,4.5828,1/11/2022,11.4731,11/26/2019,7.0083
11/22/2019,4.5314,1/12/2022,11.257,11/27/2019,7.045
11/25/2019,4.5543,1/13/2022,11.2214,11/28/2019,6.9333
11/26/2019,4.6152,1/14/2022,11.2143,11/29/2019,6.943
11/27/2019,4.6264,1/17/2022,11.3232,12/2/2019,6.947
11/28/2019,4.5747,1/18/2022,11.4719,12/3/2019,6.8843
11/29/2019,4.5759,1/19/2022,11.3185,12/4/2019,6.823
12/2/2019,4.5984,1/20/2022,11.1983,12/5/2019,6.8649
12/3/2019,4.576,1/21/2022,11.3177,12/6/2019,6.7874
12/4/2019,4.5441,1/24/2022,11.2431,12/9/2019,6.8359
12/5/2019,4.5708,1/25/2022,11.124,12/10/2019,6.8099
12/6/2019,4.4938,1/26/2022,11.23,12/11/2019,6.7673
12/9/2019,4.5048,1/27/2022,11.2815,12/12/2019,6.8274
12/10/2019,4.4967,1/28/2022,11.3105,12/13/2019,6.8109
12/11/2019,4.4968,1/31/2022,11.174,12/16/2019,6.8962
12/12/2019,4.4341,2/1/2022,11.0578,12/17/2019,6.9949
12/13/2019,4.4293,2/2/2022,10.9458,12/18/2019,6.9875
12/16/2019,4.4334,2/3/2022,10.9465,12/19/2019,7.1124
12/17/2019,4.502,2/4/2022,11.2094,12/20/2019,7.0649
12/18/2019,4.4918,2/7/2022,11.1385,12/23/2019,6.9833
12/19/2019,4.5107,2/8/2022,11.25,12/24/2019,6.9883
12/20/2019,4.4886,2/9/2022,11.1967,12/26/2019,6.8987
12/23/2019,4.4863,2/10/2022,11.2764,12/27/2019,6.9024
12/24/2019,4.4888,2/11/2022,11.286,12/30/2019,6.803
12/26/2019,4.4439,2/14/2022,11.3584,1/2/2020,6.7387
12/27/2019,4.4483,2/15/2022,11.19,1/3/2020,6.84
12/30/2019,4.4344,2/16/2022,11.1614,1/6/2020,6.8708
1/2/2020,4.7118,2/17/2022,11.3078,1/7/2020,6.8316
1/3/2020,4.7116,2/18/2022,11.2784,1/8/2020,6.8483
1/6/2020,4.7227,2/21/2022,11.2106,1/9/2020,6.7673
1/7/2020,4.6657,2/22/2022,11.2302,1/10/2020,6.8048
1/8/2020,4.6388,2/23/2022,11.1464,1/13/2020,6.8816
1/9/2020,4.615,2/24/2022,11.229,1/14/2020,6.8224
1/10/2020,4.665,2/25/2022,11.2989,1/15/2020,6.8206
1/13/2020,4.6653,3/2/2022,11.4327,1/16/2020,6.8624
1/14/2020,4.6138,3/3/2022,11.5352,1/17/2020,6.7966
1/15/2020,4.5576,3/4/2022,11.6905,1/20/2020,6.8411
1/16/2020,4.6042,3/7/2022,12.1124,1/21/2020,6.8273
1/17/2020,4.5769,3/8/2022,12.1352,1/22/2020,6.7673
1/20/2020,4.5814,3/9/2022,12.0872,1/23/2020,6.7579
1/21/2020,4.5492,3/10/2022,12.0489,1/24/2020,6.7379
1/22/2020,4.4819,3/11/2022,12.3825,1/27/2020,6.7548
1/23/2020,4.5196,3/14/2022,12.501,1/28/2020,6.6464
1/24/2020,4.5019,3/15/2022,12.3077,1/29/2020,6.7248
1/27/2020,4.4592,3/16/2022,12.2559,1/30/2020,6.7023
1/28/2020,4.4796,3/17/2022,12.2433,1/31/2020,6.7259
1/29/2020,4.4896,3/18/2022,11.9965,2/3/2020,6.6433
1/30/2020,4.5007,3/21/2022,12.067,2/4/2020,6.62
1/31/2020,4.5284,3/22/2022,11.9076,2/5/2020,6.5058
2/3/2020,4.4646,3/23/2022,11.9411,2/6/2020,6.577
2/4/2020,4.4515,3/24/2022,11.6424,2/7/2020,6.6699
2/5/2020,4.4632,3/25/2022,11.4431,2/10/2020,6.56
2/6/2020,4.5059,3/28/2022,11.3933,2/11/2020,6.523
2/7/2020,4.4433,3/29/2022,11.3504,2/12/2020,6.5039
2/10/2020,4.4168,3/30/2022,11.5134,2/13/2020,6.5341
2/11/2020,4.3755,3/31/2022,11.3797,2/14/2020,6.4583
2/12/2020,4.3555,4/1/2022,11.1703,2/17/2020,6.4799
2/13/2020,4.387,4/4/2022,11.034,2/18/2020,6.5069
2/14/2020,4.3368,4/5/2022,11.2999,2/19/2020,6.5032
2/17/2020,4.3396,4/6/2022,11.4049,2/20/2020,6.5874
2/18/2020,4.3568,4/7/2022,11.5018,2/21/2020,6.6199
2/19/2020,4.3168,4/8/2022,11.8715,2/26/2020,6.82
2/20/2020,4.3295,4/11/2022,11.9815,2/27/2020,6.8283
2/21/2020,4.3294,4/12/2022,12.0017,2/28/2020,6.69
2/26/2020,4.3563,4/13/2022,12.0152,3/2/2020,6.5969
2/27/2020,4.3237,4/14/2022,12.1849,3/3/2020,6.6437
2/28/2020,4.1661,4/18/2022,12.0794,3/4/2020,6.57
3/2/2020,4.0796,4/19/2022,12.036,3/5/2020,6.7512
3/3/2020,3.9696,4/20/2022,12.0433,3/6/2020,6.7649
3/4/2020,3.8662,4/22/2022,12.2299,3/9/2020,7.195
3/5/2020,4.0414,4/25/2022,12.0818,3/10/2020,7.0763
3/6/2020,4.0393,4/26/2022,12.223,3/11/2020,8.3133
3/9/2020,4.1265,4/27/2022,12.1433,3/12/2020,8.6399
3/10/2020,4.0373,4/28/2022,12.1152,3/13/2020,7.8183
3/11/2020,4.74,4/29/2022,12.142,3/16/2020,8.5262
3/12/2020,5.0639,5/2/2022,12.2573,3/17/2020,7.8912
3/13/2020,4.4519,5/3/2022,12.3132,3/18/2020,8.6583
3/16/2020,4.1318,5/4/2022,12.0868,3/19/2020,8.9783
3/17/2020,3.9088,5/5/2022,12.4428,3/24/2020,9.6265
3/18/2020,4.1953,5/6/2022,12.6533,3/25/2020,8.7199
3/19/2020,4.3824,5/9/2022,12.586,4/20/2020,7.2733
3/20/2020,4.3834,5/10/2022,12.4587,6/9/2020,7.0712
3/23/2020,4.1512,5/11/2022,12.5661,6/10/2020,6.9637
3/24/2020,4.0026,5/12/2022,12.5915,6/12/2020,6.9299
3/25/2020,3.7035,5/13/2022,12.6418,6/16/2020,7.1183
3/26/2020,3.7376,5/16/2022,12.4527,6/17/2020,6.9687
3/27/2020,3.6968,5/17/2022,12.4509,6/18/2020,7.2366
3/30/2020,3.601,5/18/2022,12.4428,6/19/2020,7.2366
3/31/2020,3.4222,5/19/2022,12.276,6/24/2020,7.3449
4/1/2020,3.3727,5/20/2022,12.1582,6/30/2020,6.9733
4/2/2020,3.2781,5/23/2022,12.0811,7/1/2020,6.8599
4/3/2020,3.262,5/24/2022,12.3605,7/2/2020,6.8462
4/6/2020,3.3828,5/25/2022,12.4076,7/3/2020,6.7016
4/7/2020,3.3171,5/26/2022,12.2503,7/6/2020,6.6737
4/8/2020,3.3069,5/27/2022,12.278,7/7/2020,6.8025
4/9/2020,3.2523,5/30/2022,12.5814,7/8/2020,6.7729
4/13/2020,3.1949,5/31/2022,12.4636,7/9/2020,6.7066
4/14/2020,3.1434,6/1/2022,12.6554,7/10/2020,6.6825
4/15/2020,3.1498,6/2/2022,12.7281,7/14/2020,6.7133
4/16/2020,3.1454,6/3/2022,12.6232,7/15/2020,6.6937
4/17/2020,3.1284,6/6/2022,12.7041,7/16/2020,6.7437
4/20/2020,2.8892,6/7/2022,12.858,7/17/2020,6.6349
4/22/2020,2.7833,6/8/2022,12.873,7/21/2020,6.6799
4/23/2020,2.9174,6/9/2022,12.7397,7/22/2020,6.837
4/24/2020,3.3057,6/10/2022,12.7565,7/23/2020,6.9324
4/27/2020,3.3137,6/13/2022,13.0061,7/24/2020,6.8358
4/28/2020,3.0472,6/14/2022,13.2301,7/27/2020,6.8308
4/29/2020,2.9582,6/15/2022,12.8807,7/28/2020,6.8433
4/30/2020,2.9373,6/17/2022,12.7155,7/29/2020,6.7862
5/4/2020,2.9344,6/20/2022,12.6537,7/30/2020,6.6399
5/5/2020,2.843,6/21/2022,12.6849,7/31/2020,6.6299
5/6/2020,2.858,6/22/2022,12.5658,8/4/2020,6.6768
5/7/2020,2.6464,6/23/2022,12.4727,8/5/2020,6.7674
5/8/2020,2.5981,6/24/2022,12.732,8/6/2020,6.7266
5/11/2020,2.5801,6/27/2022,12.8321,8/7/2020,6.772
5/12/2020,2.7023,6/28/2022,13.1243,8/10/2020,6.8974
5/13/2020,2.817,6/29/2022,13.0357,8/11/2020,6.9833
5/14/2020,2.7974,6/30/2022,12.9399,8/12/2020,7.0766
5/15/2020,2.7282,7/1/2022,12.8731,8/13/2020,7.3666
5/18/2020,2.6871,7/4/2022,12.9718,8/14/2020,7.3299
5/19/2020,2.6842,7/5/2022,13.0173,8/17/2020,7.4899
5/20/2020,2.6993,7/6/2022,13.1071,8/18/2020,7.1883
5/21/2020,2.6166,7/7/2022,12.9699,8/19/2020,7.3483
5/22/2020,2.5619,7/8/2022,13.101,8/20/2020,7.3733
5/25/2020,2.4996,7/11/2022,13.3123,8/21/2020,7.3066
5/26/2020,2.5594,7/12/2022,13.166,8/24/2020,7.2733
5/27/2020,2.5113,7/13/2022,13.1605,8/25/2020,7.1824
5/28/2020,2.5022,7/14/2022,13.2459,9/10/2020,7.2916
5/29/2020,2.4216,7/15/2022,13.2018,9/25/2020,7.47
6/1/2020,2.4115,7/18/2022,13.4655,9/29/2020,7.8899
6/2/2020,2.3929,7/19/2022,13.6187,9/30/2020,7.6149
6/3/2020,2.3193,7/20/2022,13.4872,10/1/2020,7.7599
6/4/2020,2.3039,7/21/2022,13.6079,10/2/2020,7.8712
6/5/2020,2.328,7/22/2022,13.4262,10/5/2020,7.705
6/8/2020,2.3414,7/25/2022,13.3496,10/6/2020,7.8325
6/9/2020,2.3422,7/26/2022,13.3302,10/7/2020,7.97
6/10/2020,2.3569,7/27/2022,13.1478,10/8/2020,8.065
6/12/2020,2.3129,7/28/2022,12.9502,10/13/2020,7.86
6/15/2020,2.2726,7/29/2022,12.8194,10/14/2020,7.8062
6/16/2020,2.3057,8/1/2022,12.6778,10/15/2020,8.0183
6/17/2020,2.2953,8/2/2022,12.8177,10/16/2020,7.9783
6/18/2020,2.2468,8/3/2022,12.6481,10/19/2020,7.835
6/19/2020,2.1931,8/4/2022,12.2693,10/20/2020,7.7116
6/22/2020,2.1974,8/5/2022,12.2003,10/21/2020,7.7616
6/23/2020,2.1973,8/8/2022,11.7536,10/22/2020,7.9499
6/24/2020,2.2094,8/9/2022,11.8854,10/23/2020,7.9066
6/25/2020,2.2038,8/10/2022,11.9177,10/26/2020,7.8825
6/26/2020,2.7466,8/11/2022,11.9462,10/27/2020,7.9699
6/29/2020,2.7172,8/12/2022,11.7521,10/28/2020,7.8733
6/30/2020,2.6985,8/15/2022,11.5626,10/29/2020,7.88
7/1/2020,2.6484,8/16/2022,11.6148,10/30/2020,7.9142
7/2/2020,2.6452,8/17/2022,11.7848,11/3/2020,7.9583
7/3/2020,2.6428,10/18/2024,13.0374,11/4/2020,7.8778
7/6/2020,2.6717,10/21/2024,13.0193,11/5/2020,7.7353
7/7/2020,2.7075,10/22/2024,12.979,11/6/2020,7.5712
7/8/2020,2.8462,10/23/2024,13.0992,11/9/2020,7.4672
7/9/2020,2.879,10/24/2024,12.807,11/10/2020,7.64
7/10/2020,2.7763,10/25/2024,12.9532,11/11/2020,7.77
7/13/2020,2.8015,10/28/2024,12.9559,11/12/2020,7.8399
7/14/2020,2.774,10/29/2024,13.0538,11/13/2020,7.7683
7/15/2020,2.786,10/30/2024,13.0112,11/16/2020,7.7762
7/16/2020,2.7519,10/31/2024,13.1111,11/17/2020,7.7949
7/17/2020,2.725,11/1/2024,13.3277,11/18/2020,8.0008
7/20/2020,2.7132,11/4/2024,13.1368,11/19/2020,8.0483
7/21/2020,2.7473,11/5/2024,13.0289,11/20/2020,8.1637
7/22/2020,2.7601,11/6/2024,13.0663,11/23/2020,8.2099
7/23/2020,2.7581,11/7/2024,12.9144,11/24/2020,8.0933
7/24/2020,2.623,11/8/2024,12.9598,11/25/2020,8.0699
7/27/2020,2.5857,11/11/2024,12.9704,11/26/2020,8.0216
7/28/2020,2.5642,11/12/2024,13.2058,11/27/2020,7.9812
7/29/2020,2.5705,11/13/2024,13.1951,11/30/2020,7.9816
7/30/2020,2.4919,11/14/2024,13.2915,12/1/2020,7.7616
7/31/2020,2.5297,11/18/2024,13.2763,12/2/2020,7.7233
8/3/2020,2.5003,11/19/2024,13.2023,12/3/2020,7.5087
8/4/2020,2.5617,11/21/2024,13.1906,12/4/2020,7.4499
8/5/2020,2.5843,11/22/2024,13.2235,12/7/2020,7.49
8/6/2020,2.413,11/25/2024,13.1892,12/8/2020,7.4674
8/7/2020,2.488,11/26/2024,13.1279,12/9/2020,7.4824
8/10/2020,2.5059,11/27/2024,13.485,12/10/2020,7.3516
8/11/2020,2.4997,11/28/2024,13.4962,12/11/2020,7.2359
8/12/2020,2.5339,11/29/2024,13.8653,12/14/2020,7.3916
8/13/2020,2.588,12/2/2024,13.8875,12/15/2020,7.2383
8/14/2020,2.613,12/3/2024,14.1308,12/16/2020,7.2983
8/17/2020,2.6368,12/4/2024,14.0935,12/17/2020,7.265
8/18/2020,2.5045,12/5/2024,14.158,12/18/2020,7.2099
8/19/2020,2.5841,12/6/2024,14.3566,12/21/2020,7.2216
8/20/2020,2.5951,12/9/2024,14.6351,12/22/2020,7.1856
8/21/2020,2.5899,12/10/2024,14.1875,12/23/2020,7.1474
8/24/2020,2.5754,12/11/2024,13.8747,12/28/2020,7.1181
8/25/2020,2.5797,12/12/2024,14.105,12/29/2020,6.9674
8/26/2020,2.6512,12/13/2024,14.6179,12/30/2020,6.9574
8/27/2020,2.6761,12/16/2024,15.2593,1/4/2021,6.8981
8/28/2020,2.6323,12/17/2024,15.1108,1/5/2021,6.9783
8/31/2020,2.6785,12/18/2024,15.4819,1/6/2021,7.1574
9/1/2020,2.6101,12/19/2024,15.0514,1/7/2021,7.4683
9/2/2020,2.6548,12/20/2024,14.6279,1/8/2021,7.5049
9/3/2020,2.6214,12/23/2024,15.0125,1/11/2021,7.6437
9/4/2020,2.5924,12/25/2024,15.0253,1/12/2021,7.565
9/8/2020,2.6596,12/26/2024,15.3819,1/13/2021,7.7099
9/9/2020,2.6362,12/27/2024,15.6469,1/14/2021,7.5099
9/10/2020,2.6667,12/30/2024,15.7284,1/15/2021,7.6207
9/11/2020,2.669,1/1/2025,15.7419,1/18/2021,7.5048
9/14/2020,2.6429,1/2/2025,15.3667,1/19/2021,7.5769
9/15/2020,2.6854,1/3/2025,15.3185,1/20/2021,7.5998
9/16/2020,2.7214,1/6/2025,15.0637,1/21/2021,7.8631
9/17/2020,2.6653,1/7/2025,15.1894,1/22/2021,8.0198
9/18/2020,2.8092,1/8/2025,15.2494,1/26/2021,7.8983
9/21/2020,2.7842,1/9/2025,15.1921,1/27/2021,7.7937
9/22/2020,2.7334,1/10/2025,15.4731,1/28/2021,7.6724
9/23/2020,2.7788,1/13/2025,15.6016,1/29/2021,7.5812
9/24/2020,2.6668,1/14/2025,15.1538,2/1/2021,7.5774
9/25/2020,2.6653,1/15/2025,14.9091,2/2/2021,7.4849
9/28/2020,2.8822,1/16/2025,15.1268,2/3/2021,7.5633
9/29/2020,2.9097,1/17/2025,15.3163,2/4/2021,7.69
9/30/2020,2.8399,1/20/2025,15.3296,2/5/2021,7.6669
10/1/2020,2.9431,1/21/2025,15.1523,2/8/2021,7.7516
10/2/2020,3.2327,1/22/2025,15.1188,2/9/2021,7.7983
10/5/2020,3.0582,1/23/2025,15.3295,2/10/2021,7.7833
10/6/2020,3.125,1/24/2025,15.2622,2/11/2021,7.7849
10/7/2020,3.0799,1/27/2025,15.1788,2/12/2021,7.8783
10/8/2020,3.0309,1/28/2025,15.1746,2/17/2021,7.9216
10/9/2020,3.0143,1/29/2025,15.2208,2/18/2021,7.9212
10/13/2020,2.9982,1/30/2025,15.0112,2/19/2021,8.0349
10/14/2020,2.9779,1/31/2025,14.92,2/22/2021,8.2283
10/15/2020,3.0483,2/3/2025,14.5651,2/23/2021,8.2399
10/16/2020,3.1535,2/4/2025,14.6101,2/24/2021,8.4015
10/19/2020,3.0614,2/5/2025,14.7567,2/25/2021,8.5298
10/20/2020,3.0096,2/6/2025,14.7945,2/26/2021,8.5148
10/21/2020,2.9955,2/7/2025,15.0208,3/1/2021,8.7137
10/22/2020,3.0051,2/10/2025,15.04,3/2/2021,8.7933
10/23/2020,3.1574,2/11/2025,14.9913,3/3/2021,8.6233
10/26/2020,3.1103,2/12/2025,15.0503,3/4/2021,8.4849
10/27/2020,3.1402,2/13/2025,14.9834,3/5/2021,8.2712
10/28/2020,3.1446,2/14/2025,14.5756,3/8/2021,8.6374
10/29/2020,3.1312,2/17/2025,14.5884,3/9/2021,8.6274
10/30/2020,3.116,2/18/2025,14.4683,3/10/2021,8.6316
11/3/2020,3.1687,2/19/2025,14.505,3/11/2021,8.5249
11/4/2020,3.1388,2/24/2025,14.6394,3/12/2021,8.7299
11/5/2020,3.1211,2/25/2025,14.6263,3/15/2021,8.6312
11/6/2020,2.9894,2/26/2025,15.0163,3/16/2021,8.5759
11/9/2020,2.9577,2/27/2025,15.0072,3/17/2021,8.5299
11/10/2020,2.9764,2/28/2025,15.2638,3/18/2021,8.4533
11/11/2020,3.0605,3/5/2025,14.9438,3/19/2021,8.6499
11/12/2020,3.0645,3/6/2025,15.08,3/22/2021,8.79
11/13/2020,3.0306,3/7/2025,14.7256,3/23/2021,9.1349
11/16/2020,2.9823,3/10/2025,14.8487,3/24/2021,9.2483
11/17/2020,2.9332,3/11/2025,14.6731,3/25/2021,9.2149
11/18/2020,2.9601,3/12/2025,14.7766,3/26/2021,9.2958
11/19/2020,2.9643,3/13/2025,14.63,3/29/2021,9.4141
11/20/2020,3.0037,3/14/2025,14.6562,3/30/2021,9.3099
11/23/2020,3.0656,3/17/2025,14.5594,3/31/2021,9.2933
11/24/2020,3.0717,3/18/2025,14.4275,4/1/2021,9.4499
11/25/2020,3.0232,3/19/2025,14.3203,4/5/2021,9.3393
11/26/2020,3.027,3/20/2025,14.6531,4/6/2021,9.4462
11/27/2020,2.9807,3/21/2025,14.7213,4/7/2021,9.5249
11/30/2020,3.0171,3/24/2025,14.9163,4/8/2021,9.4583
12/1/2020,2.8296,3/25/2025,14.9461,4/9/2021,9.5749
12/2/2020,2.769,3/26/2025,15.0466,4/12/2021,9.5684
12/3/2020,2.7567,3/27/2025,14.9581,4/13/2021,9.6456
12/4/2020,2.7764,3/28/2025,15.0026,4/14/2021,9.6041
12/7/2020,2.7924,3/31/2025,14.9228,4/15/2021,9.4883
12/8/2020,2.7586,4/1/2025,14.7862,4/16/2021,9.3399
12/9/2020,2.7405,4/2/2025,14.7913,4/19/2021,9.1512
12/10/2020,2.7922,4/3/2025,14.3902,4/20/2021,9.3799
12/11/2020,3.5396,4/4/2025,14.3162,4/22/2021,9.1494
12/14/2020,3.5652,4/7/2025,14.4501,4/23/2021,9.1069
12/15/2020,3.5047,4/8/2025,14.5941,4/26/2021,9.0166
12/16/2020,3.5247,4/9/2025,14.6056,4/27/2021,9.145
12/17/2020,3.5225,4/10/2025,14.759,4/28/2021,9.0949
12/18/2020,3.5437,4/11/2025,14.4956,4/29/2021,9.0399
12/21/2020,3.518,4/14/2025,14.3132,4/30/2021,9.1783
12/22/2020,3.4386,4/15/2025,14.3769,5/3/2021,9.1933
12/23/2020,3.4063,4/16/2025,14.3925,5/4/2021,9.3757
12/24/2020,3.4011,4/17/2025,14.3456,5/5/2021,9.2859
12/28/2020,3.4714,4/18/2025,14.3456,5/6/2021,9.3383
12/29/2020,3.4181,4/22/2025,14.3692,5/7/2021,9.2429
12/30/2020,3.3774,4/23/2025,14.1589,5/10/2021,9.2852
1/4/2021,3.3527,4/24/2025,13.8965,5/11/2021,9.3416
1/5/2021,3.4314,4/25/2025,13.8926,5/12/2021,9.4648
1/6/2021,3.5236,4/28/2025,13.8956,5/13/2021,9.4589
1/7/2021,3.6103,4/29/2025,13.9206,5/14/2021,9.48
1/8/2021,3.7139,4/30/2025,13.8031,5/17/2021,9.37
1/11/2021,3.8081,5/2/2025,13.8388,5/18/2021,9.4942
1/12/2021,3.7482,5/6/2025,13.7906,5/19/2021,9.5183
1/13/2021,3.8992,5/7/2025,13.7475,5/20/2021,9.515
1/14/2021,3.8716,5/8/2025,13.6306,5/21/2021,9.4506
1/15/2021,3.9583,5/9/2025,13.5588,5/24/2021,9.4999
1/18/2021,3.8761,5/12/2025,13.6381,5/25/2021,9.4416
1/19/2021,3.8772,5/14/2025,13.9159,5/26/2021,9.3636
1/20/2021,3.8427,5/16/2025,13.8144,5/27/2021,9.2297
1/21/2021,4.0284,5/19/2025,13.7117,5/28/2021,9.1616
1/22/2021,4.021,5/20/2025,13.7461,5/31/2021,9.1749
1/26/2021,4.0244,5/21/2025,13.9156,6/1/2021,9.0912
1/27/2021,4.0577,5/22/2025,13.9333,6/2/2021,9.0287
1/28/2021,3.9362,5/23/2025,13.841,6/4/2021,8.9731
1/29/2021,3.8829,5/26/2025,13.8019,6/7/2021,9.04
2/1/2021,3.8982,5/27/2025,13.6169,6/8/2021,8.9962
2/2/2021,3.8982,5/28/2025,13.7163,6/9/2021,9.0492
2/3/2021,3.9059,5/29/2025,13.7394,6/10/2021,9.2166
2/4/2021,3.9521,5/30/2025,13.8219,6/11/2021,9.3116
2/5/2021,3.994,6/2/2025,13.835,6/14/2021,9.2248
2/8/2021,3.9802,6/3/2025,13.8213,6/15/2021,9.2015
2/9/2021,3.9935,6/4/2025,13.79,6/16/2021,9.1581
2/10/2021,3.9433,6/5/2025,13.9844,6/17/2021,9.2361
2/11/2021,3.9021,6/6/2025,13.8966,6/18/2021,9.4831
2/12/2021,3.9472,6/9/2025,13.8363,6/21/2021,9.3378
2/17/2021,3.9733,6/10/2025,13.7366,6/22/2021,9.3156
2/18/2021,4.0036,6/11/2025,13.7529,6/23/2021,9.2765
2/19/2021,4.0433,6/12/2025,13.7335,6/24/2021,9.1948
2/22/2021,4.1562,6/13/2025,13.7197,6/25/2021,9.2065
2/23/2021,4.0839,6/16/2025,13.6582,6/28/2021,9.1299
2/24/2021,4.1377,6/17/2025,13.7113,6/30/2021,9.1349
2/25/2021,4.2808,6/18/2025,13.6975,7/1/2021,9.2174
2/26/2021,4.3906,6/19/2025,13.6975,7/2/2021,9.2249
3/1/2021,4.5388,6/20/2025,13.5669,7/5/2021,9.2783
3/2/2021,4.526,6/26/2025,13.4803,7/6/2021,9.3666
3/3/2021,4.4239,6/27/2025,13.487,7/7/2021,9.3079
3/4/2021,4.4512,6/30/2025,13.212,7/8/2021,9.3437
3/5/2021,4.4139,7/1/2025,13.2178,7/12/2021,9.3849
3/8/2021,4.6186,7/2/2025,13.266,7/13/2021,9.4899
3/9/2021,4.6133,7/3/2025,13.3064,7/14/2021,9.2487
3/10/2021,4.6779,7/4/2025,13.3189,7/15/2021,9.2349
3/11/2021,4.7623,7/7/2025,13.484,7/16/2021,9.2699
3/12/2021,4.8337,7/8/2025,13.4953,7/19/2021,9.1924
3/15/2021,4.9045,7/9/2025,13.694,7/20/2021,9.2033
3/16/2021,4.868,7/10/2025,13.6332,7/21/2021,9.268
3/17/2021,4.8534,7/11/2025,13.6581,7/22/2021,9.2133
3/18/2021,5.1523,7/14/2025,13.6696,7/23/2021,9.2833
3/19/2021,5.1688,7/15/2025,13.8134,7/26/2021,9.293
3/22/2021,5.1739,7/16/2025,13.9088,7/27/2021,9.3299
3/23/2021,5.286,7/17/2025,13.8126,7/28/2021,9.3529
3/24/2021,5.3523,7/18/2025,13.8498,7/29/2021,9.3536
3/25/2021,5.226,7/21/2025,13.8233,7/30/2021,9.5749
3/26/2021,5.291,7/22/2025,13.7021,8/2/2021,9.6512
3/29/2021,5.3535,7/23/2025,13.7248,8/3/2021,9.6066
3/30/2021,5.2461,7/24/2025,13.7615,8/4/2021,9.5983
3/31/2021,5.1804,7/25/2025,13.8034,8/5/2021,9.9819
4/1/2021,5.2587,7/28/2025,13.7855,8/6/2021,9.9499
4/5/2021,5.1901,7/29/2025,13.6056,8/9/2021,10.105
4/6/2021,5.2593,7/30/2025,13.6384,8/10/2021,10.0233
4/7/2021,5.3014,7/31/2025,13.7787,8/11/2021,10.1529
4/8/2021,5.2117,8/1/2025,13.6848,8/12/2021,10.2883
4/9/2021,5.3001,8/4/2025,13.568,8/13/2021,10.4087
4/12/2021,5.3376,8/5/2025,13.6508,8/16/2021,10.5849
4/13/2021,5.4048,8/6/2025,13.6098,8/17/2021,10.7536
4/14/2021,5.3376,8/7/2025,13.4812,8/18/2021,11.0733
4/15/2021,5.2776,8/8/2025,13.5181,8/19/2021,10.7837
4/16/2021,5.2201,8/11/2025,13.4163,8/20/2021,10.6219
4/19/2021,5.1899,8/12/2025,13.3694,8/23/2021,10.8549
4/20/2021,5.2686,8/13/2025,13.3882,8/24/2021,10.609
4/22/2021,5.1721,8/14/2025,13.3927,8/25/2021,10.3449
4/23/2021,5.1801,8/15/2025,13.3534,8/26/2021,10.3817
4/26/2021,5.1618,8/18/2025,13.5015,8/27/2021,10.316
4/27/2021,5.1916,8/19/2025,13.7288,8/30/2021,10.3349
4/28/2021,5.1813,8/20/2025,13.6319,8/31/2021,10.5239
4/29/2021,5.1663,8/21/2025,13.7152,9/1/2021,10.6237
4/30/2021,5.2347,8/22/2025,13.5941,9/2/2021,10.79
5/3/2021,5.3126,8/25/2025,13.4991,9/3/2021,10.9083
5/4/2021,5.4117,8/26/2025,13.5491,9/6/2021,10.8416
5/5/2021,5.4022,8/27/2025,13.5546,9/8/2021,11.1149
5/6/2021,5.4142,8/28/2025,13.4602,9/9/2021,10.8933
5/7/2021,5.46,8/29/2025,13.4813,9/10/2021,11.0565
5/10/2021,5.4795,9/1/2025,13.4946,9/13/2021,10.9633
5/11/2021,5.4025,9/2/2025,13.6421,9/14/2021,10.9499
5/12/2021,5.5268,9/3/2025,13.6366,9/15/2021,11.0366
5/13/2021,5.5245,9/4/2025,13.6011,9/16/2021,11.0849
5/14/2021,5.5882,9/5/2025,13.4565,9/17/2021,11.1383
5/17/2021,5.5842,9/8/2025,13.4669,9/20/2021,10.9983
5/18/2021,5.6386,9/9/2025,13.4824,9/21/2021,10.8299
5/19/2021,5.6389,9/10/2025,13.4366,9/22/2021,10.6749
5/20/2021,5.651,9/11/2025,13.4241,9/23/2021,10.9166
5/21/2021,5.642,9/12/2025,13.4544,9/24/2021,10.9633
5/24/2021,5.7011,9/15/2025,13.3992,9/27/2021,11.0857
5/25/2021,5.6276,9/16/2025,13.2844,9/28/2021,11.1324
5/26/2021,5.5959,9/17/2025,13.2522,9/29/2021,11.0899
5/27/2021,5.5876,9/18/2025,13.3036,9/30/2021,11.1318
5/28/2021,5.6471,9/19/2025,13.3488,10/1/2021,10.9932
5/31/2021,5.6976,9/22/2025,13.4729,10/4/2021,11.1116
6/1/2021,5.7568,9/23/2025,13.3666,10/5/2021,11.1549
6/2/2021,5.7311,9/24/2025,13.3957,10/6/2021,11.0499
6/4/2021,5.689,9/25/2025,13.4645,10/7/2021,11.1049
6/7/2021,5.7471,9/26/2025,13.4576,10/8/2021,10.8792
6/8/2021,5.7575,9/29/2025,13.5151,10/11/2021,11.0074
6/9/2021,5.8789,9/30/2025,13.462,10/13/2021,10.9237
6/10/2021,5.9932,10/1/2025,13.4769,10/14/2021,10.9649
6/11/2021,5.9563,10/2/2025,13.6048,10/15/2021,11.0833
6/14/2021,5.9674,10/3/2025,13.6508,10/18/2021,11.2138
6/15/2021,6.028,10/6/2025,13.5956,10/19/2021,11.5383
6/16/2021,6.0789,10/7/2025,13.7042,10/20/2021,11.8666
6/17/2021,6.2523,10/8/2025,13.6758,10/21/2021,12.0166
6/18/2021,6.3009,10/9/2025,13.6002,10/22/2021,12.46
6/21/2021,6.2676,10/10/2025,13.897,10/25/2021,12.0666
6/22/2021,6.4256,10/13/2025,13.8875,10/26/2021,12.026
6/23/2021,6.4578,10/14/2025,13.8567,10/27/2021,11.9474
6/24/2021,6.4209,10/15/2025,13.7507,10/28/2021,12.4424
6/25/2021,6.347,10/16/2025,13.8079,10/29/2021,12.2366
6/28/2021,6.2862,10/17/2025,13.8186,11/1/2021,12.3633
6/29/2021,6.5773,10/20/2025,13.7225,11/3/2021,11.8533
6/30/2021,6.6913,10/21/2025,13.7049,11/4/2021,12.0049
7/1/2021,6.7353,10/22/2025,13.641,11/5/2021,11.825
7/2/2021,6.6829,10/23/2025,13.6365,11/8/2021,11.7624
7/5/2021,6.7597,10/24/2025,13.5243,11/9/2021,11.6299
7/6/2021,6.8354,10/27/2025,13.5324,11/10/2021,11.5774
7/7/2021,6.8135,10/28/2025,13.5891,11/11/2021,11.4698
7/8/2021,6.9178,10/29/2025,13.6735,11/16/2021,11.6649
7/9/2021,6.8997,10/30/2025,13.7011,11/17/2021,11.7499
7/12/2021,6.9261,10/31/2025,13.5841,11/18/2021,11.77
7/13/2021,6.9576,11/3/2025,13.6068,11/19/2021,11.7537
7/14/2021,6.8832,11/4/2025,13.6491,11/22/2021,11.8067
7/15/2021,6.9011,11/5/2025,13.5698,11/23/2021,11.7189
7/16/2021,6.876,11/6/2025,13.597,11/24/2021,11.6744
7/19/2021,6.764,11/7/2025,13.588,11/25/2021,11.7632
7/20/2021,6.7493,11/10/2025,13.4704,11/26/2021,11.6749
7/21/2021,6.7706,11/11/2025,13.3897,11/29/2021,11.5699
7/22/2021,6.8263,11/12/2025,13.3767,11/30/2021,11.3387
7/23/2021,7.0763,11/13/2025,13.4026,12/1/2021,11.4933
7/26/2021,7.2422,11/14/2025,13.3922,12/2/2021,11.3033
7/27/2021,7.2833,11/17/2025,13.4584,12/3/2021,11.0855
7/28/2021,7.3278,11/18/2025,13.4872,12/6/2021,11.1056
7/29/2021,7.2687,11/19/2025,13.4306,12/7/2021,10.9862
7/30/2021,7.4474,11/21/2025,13.405,12/8/2021,10.8405
8/2/2021,7.4208,11/24/2025,13.3499,12/9/2021,10.7037
8/3/2021,7.4948,11/25/2025,13.2989,12/10/2021,10.5225
8/4/2021,7.5352,11/26/2025,13.2432,12/13/2021,10.544
8/5/2021,7.7527,11/27/2025,13.2173,12/14/2021,10.5307
8/6/2021,7.7548,11/28/2025,13.2085,12/15/2021,10.5616
8/9/2021,7.8158,12/1/2025,13.2028,12/16/2021,10.6824
8/10/2021,7.7179,12/2/2025,13.1148,12/17/2021,10.8412
8/11/2021,7.7886,12/3/2025,13.1334,12/20/2021,10.7179
8/12/2021,7.8504,12/4/2025,13.0783,12/21/2021,10.5762
8/13/2021,7.9125,12/5/2025,13.6757,12/22/2021,10.5937
8/16/2021,7.9211,12/8/2025,13.5978,12/23/2021,10.8133
8/17/2021,7.9498,12/9/2025,13.6602,12/27/2021,10.8233
8/18/2021,8.0481,12/10/2025,13.6823,12/28/2021,10.7383
10/5/2021,9.0397,12/11/2025,13.618,12/29/2021,10.8199
10/6/2021,8.8672,12/12/2025,13.5104,12/30/2021,10.7816
10/7/2021,9.0141,12/15/2025,13.4255,12/31/2021,10.8435
10/8/2021,8.8324,12/16/2025,13.6125,1/3/2022,11.062
10/11/2021,8.8909,12/17/2025,13.8325,1/4/2022,11.2783
10/13/2021,8.8958,12/18/2025,13.8141,1/5/2022,11.5199
10/14/2021,8.9785,12/19/2025,13.7359,1/6/2022,11.3733
10/15/2021,9.1155,12/22/2025,13.8765,1/7/2022,11.465
10/18/2021,9.2341,12/23/2025,13.7916,1/10/2022,11.5082
10/19/2021,9.5814,12/26/2025,13.7457,1/11/2022,11.5499
10/20/2021,9.9092,12/29/2025,13.7199,1/12/2022,11.3883
10/21/2021,10.3197,12/30/2025,13.6558,1/13/2022,11.3137
10/22/2021,10.6513,,,1/14/2022,11.2887
10/25/2021,10.9137,,,1/17/2022,11.42
10/26/2021,11.393,,,1/18/2022,11.5937
10/27/2021,11.1393,,,1/19/2022,11.3983
10/28/2021,12.1498,,,1/20/2022,11.3927
10/29/2021,12.0464,,,1/21/2022,11.5749
11/1/2021,12.0574,,,1/24/2022,11.5333
11/3/2021,11.7933,,,1/25/2022,11.445
11/4/2021,11.8432,,,1/26/2022,11.515
11/5/2021,11.8151,,,1/27/2022,11.3799
11/8/2021,11.9706,,,1/28/2022,11.4684
11/9/2021,11.8895,,,1/31/2022,11.3175
11/10/2021,11.9469,,,2/1/2022,11.2588
11/11/2021,11.7285,,,2/2/2022,11.1132
11/12/2021,11.7314,,,2/3/2022,11.2136
11/16/2021,11.7934,,,2/4/2022,11.4999
11/17/2021,11.8106,,,2/7/2022,11.4775
11/18/2021,11.9661,,,2/8/2022,11.6135
11/19/2021,11.8603,,,2/9/2022,11.5101
11/22/2021,12.1295,,,2/10/2022,11.5739
11/23/2021,12.0942,,,2/11/2022,11.5871
11/24/2021,11.9562,,,2/14/2022,11.6352
11/25/2021,11.9078,,,2/15/2022,11.4837
11/26/2021,11.6776,,,2/16/2022,11.4119
11/29/2021,11.6847,,,2/17/2022,11.553
11/30/2021,11.6382,,,2/18/2022,11.5484
12/1/2021,11.6062,,,2/21/2022,11.4844
12/2/2021,11.4411,,,2/22/2022,11.4916
12/3/2021,11.2737,,,2/23/2022,11.4336
12/6/2021,11.3503,,,2/24/2022,11.5149
12/7/2021,11.4198,,,2/25/2022,11.5712
12/8/2021,11.3087,,,3/2/2022,11.6522
12/9/2021,11.5129,,,3/3/2022,11.7181
12/10/2021,11.5004,,,3/4/2022,11.817
12/13/2021,11.5329,,,3/7/2022,12.32
12/14/2021,11.5515,,,3/8/2022,12.2405
12/15/2021,11.6124,,,3/9/2022,12.2438
12/16/2021,11.7656,,,3/10/2022,12.1752
12/17/2021,11.8234,,,3/11/2022,12.4339
12/20/2021,11.6129,,,3/14/2022,12.5902
12/21/2021,11.4616,,,3/15/2022,12.3954
12/22/2021,11.4385,,,3/16/2022,12.3422
12/23/2021,11.6845,,,3/17/2022,12.3954
12/24/2021,11.653,,,3/18/2022,12.147
12/27/2021,11.7064,,,3/21/2022,12.2055
12/28/2021,11.7266,,,3/22/2022,12.1795
12/29/2021,11.8589,,,3/23/2022,12.1783
12/30/2021,11.8231,,,3/24/2022,11.9275
12/31/2021,11.8288,,,3/25/2022,11.7585
1/3/2022,11.9287,,,3/28/2022,11.6799
1/4/2022,12.0853,,,3/29/2022,11.6263
1/5/2022,12.1406,,,3/30/2022,11.7461
1/6/2022,12.005,,,3/31/2022,11.6226
1/7/2022,12.0197,,,4/1/2022,11.3335
1/10/2022,12.1133,,,4/4/2022,11.2013
1/11/2022,12.0613,,,4/5/2022,11.3742
1/12/2022,11.9137,,,4/6/2022,11.5034
1/13/2022,11.975,,,4/7/2022,11.557
1/14/2022,12,,,4/8/2022,11.9047
1/17/2022,12.0496,,,4/11/2022,11.9704
1/18/2022,12.1148,,,4/12/2022,12.0402
1/19/2022,12.075,,,4/13/2022,12.1117
1/20/2022,11.9652,,,4/14/2022,12.261
1/21/2022,11.9198,,,4/18/2022,12.2109
1/24/2022,11.858,,,4/19/2022,12.2069
1/25/2022,11.8709,,,4/20/2022,12.2041
1/26/2022,12.1281,,,4/22/2022,12.3978
1/27/2022,12.2655,,,4/25/2022,12.2753
1/28/2022,12.2785,,,4/26/2022,12.3734
1/31/2022,12.2883,,,4/27/2022,12.3092
2/1/2022,12.1969,,,4/28/2022,12.2721
2/2/2022,12.1519,,,4/29/2022,12.3043
2/3/2022,11.9305,,,5/2/2022,12.3828
2/4/2022,12.013,,,5/3/2022,12.4515
2/7/2022,11.9981,,,5/4/2022,12.2647
2/8/2022,12.1519,,,5/5/2022,12.5323
2/9/2022,12.2878,,,5/6/2022,12.7229
2/10/2022,12.3777,,,5/9/2022,12.7007
2/11/2022,12.4879,,,5/10/2022,12.5855
2/14/2022,12.5061,,,5/11/2022,12.6761
2/15/2022,12.4069,,,5/12/2022,12.6769
2/16/2022,12.4037,,,5/13/2022,12.7079
2/17/2022,12.4247,,,5/16/2022,12.4658
2/18/2022,12.406,,,5/17/2022,12.4727
2/21/2022,12.402,,,5/18/2022,12.4759
2/22/2022,12.4593,,,5/19/2022,12.3316
2/23/2022,12.3731,,,5/20/2022,12.2965
2/24/2022,12.4734,,,5/23/2022,12.215
2/25/2022,12.4871,,,5/24/2022,12.454
3/2/2022,12.6649,,,5/25/2022,12.5292
3/3/2022,12.8629,,,5/26/2022,12.4844
3/4/2022,12.9969,,,5/27/2022,12.4389
3/7/2022,13.1195,,,5/30/2022,12.7103
3/8/2022,13.0698,,,5/31/2022,12.5812
3/9/2022,12.944,,,6/1/2022,12.7375
3/10/2022,13.0568,,,6/2/2022,12.8175
3/11/2022,13.1671,,,6/3/2022,12.6537
3/14/2022,13.2589,,,6/6/2022,12.7468
3/15/2022,13.1256,,,6/7/2022,12.9225
3/16/2022,13.1165,,,6/8/2022,12.8807
3/17/2022,12.9719,,,6/9/2022,12.8311
3/18/2022,12.8954,,,6/10/2022,12.8646
3/21/2022,12.947,,,6/13/2022,13.006
3/22/2022,12.9645,,,6/14/2022,13.2502
3/23/2022,12.9999,,,6/15/2022,12.9489
3/24/2022,12.86,,,6/17/2022,12.8677
3/25/2022,12.7555,,,6/20/2022,12.8116
3/28/2022,12.7424,,,6/21/2022,12.847
3/29/2022,12.7179,,,6/22/2022,12.7457
3/30/2022,12.8023,,,6/23/2022,12.6979
3/31/2022,12.7546,,,6/24/2022,12.884
4/1/2022,12.6487,,,6/27/2022,12.9866
4/4/2022,12.666,,,6/28/2022,13.2493
4/5/2022,12.7519,,,6/29/2022,13.1243
4/6/2022,12.7795,,,6/30/2022,13.0828
4/7/2022,12.7819,,,7/1/2022,13.0397
4/8/2022,12.9788,,,7/4/2022,13.1004
4/11/2022,13.1441,,,7/5/2022,13.1778
4/12/2022,13.115,,,7/6/2022,13.2643
4/13/2022,13.1275,,,7/7/2022,13.1914
4/15/2022,13.2054,,,7/8/2022,13.2648
4/20/2022,13.0693,,,7/11/2022,13.4357
4/22/2022,13.0274,,,7/12/2022,13.3031
4/25/2022,12.9815,,,7/13/2022,13.3155
4/26/2022,13.0425,,,7/14/2022,13.3553
4/27/2022,13.0096,,,7/15/2022,13.3409
4/28/2022,13.0718,,,7/18/2022,13.6299
4/29/2022,13.0654,,,7/19/2022,13.7706
5/2/2022,13.1085,,,7/20/2022,13.6359
5/3/2022,13.1544,,,7/21/2022,13.7433
5/4/2022,13.0512,,,7/22/2022,13.5522
5/5/2022,13.2797,,,7/25/2022,13.4863
5/6/2022,13.3894,,,7/26/2022,13.4979
5/9/2022,13.3384,,,7/27/2022,13.3557
5/10/2022,13.301,,,7/28/2022,13.1602
5/11/2022,13.3756,,,7/29/2022,12.9991
5/12/2022,13.4383,,,8/1/2022,12.8467
5/13/2022,13.5181,,,8/2/2022,13.0252
5/16/2022,13.3925,,,8/3/2022,12.9091
5/17/2022,13.3748,,,8/4/2022,12.5865
5/18/2022,13.3597,,,8/5/2022,12.4675
5/19/2022,13.31,,,8/8/2022,12.0477
5/20/2022,13.2925,,,8/9/2022,12.249
5/23/2022,13.2998,,,8/10/2022,12.2785
5/24/2022,13.4375,,,8/11/2022,12.2964
5/25/2022,13.4574,,,8/12/2022,12.1113
5/26/2022,13.385,,,8/15/2022,11.8927
5/27/2022,13.3573,,,8/16/2022,11.9157
5/30/2022,13.4527,,,8/17/2022,12.0273
5/31/2022,13.4197,,,8/18/2022,12.1716
6/1/2022,13.472,,,8/19/2022,12.2782
6/2/2022,13.4612,,,8/22/2022,12.3228
6/3/2022,13.4676,,,8/23/2022,12.0819
6/6/2022,13.4784,,,8/24/2022,12.2006
6/7/2022,13.5075,,,8/25/2022,12.2832
6/8/2022,13.5183,,,8/26/2022,12.2591
6/9/2022,13.3875,,,8/29/2022,12.3589
6/10/2022,13.3984,,,8/30/2022,12.3369
6/13/2022,13.6014,,,8/31/2022,12.327
6/14/2022,13.6967,,,9/1/2022,12.0885
6/15/2022,13.5871,,,9/2/2022,11.9818
6/17/2022,13.5777,,,9/5/2022,11.9207
6/20/2022,13.6847,,,9/6/2022,12.0074
6/21/2022,13.5822,,,9/8/2022,11.8424
6/22/2022,13.5731,,,9/9/2022,11.759
6/23/2022,13.537,,,9/12/2022,11.7912
6/24/2022,13.6631,,,9/13/2022,12.0347
6/27/2022,13.6926,,,9/14/2022,12.0914
6/28/2022,13.8138,,,9/15/2022,12.2002
6/29/2022,13.8083,,,9/16/2022,12.1462
6/30/2022,13.784,,,9/19/2022,12.0113
7/1/2022,13.7182,,,9/20/2022,11.9853
7/4/2022,13.8351,,,9/21/2022,11.8323
7/5/2022,13.7487,,,9/22/2022,11.6773
7/6/2022,13.7837,,,9/23/2022,11.8629
7/7/2022,13.7839,,,9/26/2022,12.1584
7/8/2022,13.8132,,,9/27/2022,12.0511
7/11/2022,13.9164,,,9/28/2022,12.257
7/12/2022,13.8759,,,9/29/2022,12.214
7/13/2022,13.9077,,,9/30/2022,12.0269
7/14/2022,13.9289,,,10/3/2022,11.7681
7/15/2022,13.9046,,,10/4/2022,11.7524
7/18/2022,13.9406,,,10/5/2022,11.8241
7/19/2022,13.9456,,,10/6/2022,11.8316
7/20/2022,13.8866,,,10/7/2022,11.8403
7/21/2022,13.9347,,,10/10/2022,11.818
7/22/2022,13.8755,,,10/11/2022,12.013
7/25/2022,13.8669,,,10/13/2022,12.0272
7/26/2022,13.9209,,,10/14/2022,12.0697
7/27/2022,13.9009,,,10/17/2022,11.9471
7/28/2022,13.8653,,,10/18/2022,11.8741
7/29/2022,13.8287,,,10/19/2022,12.0035
8/1/2022,13.8219,,,10/20/2022,12.0058
8/2/2022,13.8114,,,10/21/2022,11.9566
8/3/2022,13.7814,,,10/24/2022,12.1708
8/4/2022,13.7754,,,10/25/2022,12.1529
8/5/2022,13.7949,,,10/26/2022,12.2225
8/8/2022,13.7435,,,10/27/2022,12.1157
8/9/2022,13.744,,,10/28/2022,12.0162
8/10/2022,13.7426,,,10/31/2022,11.8889
8/11/2022,13.7382,,,11/1/2022,11.8851
8/12/2022,13.7334,,,11/3/2022,11.92
8/15/2022,13.7384,,,11/4/2022,11.9232
8/16/2022,13.7345,,,11/7/2022,12.0858
8/17/2022,13.735,,,11/8/2022,12.226
8/18/2022,13.393,,,11/9/2022,12.3505
8/19/2022,13.469,,,11/10/2022,13.158
8/22/2022,13.5104,,,11/11/2022,13.3925
8/23/2022,13.4356,,,11/14/2022,12.9086
8/24/2022,13.4966,,,11/16/2022,13.1849
8/25/2022,13.5263,,,11/17/2022,13.2048
8/26/2022,13.4458,,,11/18/2022,13.4791
8/29/2022,13.5016,,,11/21/2022,13.3567
8/30/2022,13.4722,,,11/22/2022,13.4724
8/31/2022,13.3922,,,11/23/2022,13.7999
9/1/2022,13.2839,,,11/24/2022,13.5495
9/2/2022,13.2768,,,11/25/2022,13.6331
9/5/2022,13.2573,,,11/28/2022,13.5031
9/6/2022,13.1232,,,11/29/2022,12.9918
9/8/2022,13.4236,,,11/30/2022,12.7592
9/9/2022,13.3715,,,12/1/2022,12.8192
9/12/2022,13.4242,,,12/2/2022,12.5829
9/13/2022,13.5217,,,12/5/2022,12.8323
9/14/2022,13.5091,,,12/6/2022,12.79
9/15/2022,13.5938,,,12/7/2022,12.886
9/16/2022,13.5924,,,12/8/2022,13.025
9/19/2022,13.5864,,,12/9/2022,13.0841
9/20/2022,13.563,,,12/12/2022,13.225
9/21/2022,13.4941,,,12/13/2022,13.4497
9/22/2022,13.2213,,,12/14/2022,13.5054
9/23/2022,13.2513,,,12/15/2022,13.5066
9/26/2022,13.3399,,,12/16/2022,13.5566
9/27/2022,13.2337,,,12/19/2022,13.5399
9/28/2022,13.2694,,,12/20/2022,13.2153
9/29/2022,13.2529,,,12/21/2022,13.1489
9/30/2022,13.1757,,,12/22/2022,12.995
10/3/2022,13.1485,,,12/23/2022,12.8635
10/4/2022,13.1834,,,12/26/2022,12.9683
10/5/2022,13.1875,,,12/27/2022,12.9966
10/6/2022,13.1757,,,12/28/2022,12.7849
10/7/2022,13.1776,,,12/29/2022,12.7244
10/10/2022,13.1465,,,1/2/2023,12.9304
10/11/2022,13.2069,,,1/3/2023,13.2186
10/13/2022,13.2105,,,1/4/2023,13.2523
10/14/2022,13.2533,,,1/5/2023,13.1243
10/17/2022,13.2333,,,1/6/2023,12.9087
10/18/2022,13.2205,,,1/9/2023,12.8582
10/19/2022,13.2476,,,1/10/2023,12.7187
10/20/2022,13.246,,,1/11/2023,12.4519
10/21/2022,13.2154,,,1/12/2023,12.4654
10/24/2022,13.258,,,1/13/2023,12.4226
10/25/2022,13.2859,,,1/16/2023,12.6896
10/26/2022,13.3261,,,1/17/2023,12.6089
10/27/2022,13.3233,,,1/18/2023,12.6831
10/28/2022,13.3109,,,1/19/2023,12.8204
10/31/2022,13.2907,,,1/20/2023,13.1417
11/1/2022,13.2928,,,1/23/2023,13.3296
11/3/2022,13.342,,,1/24/2023,13.0935
11/4/2022,13.3417,,,1/25/2023,13.1344
11/7/2022,13.3755,,,1/26/2023,13.1413
11/8/2022,13.3743,,,1/27/2023,13.249
11/9/2022,13.4071,,,1/30/2023,13.2602
11/10/2022,13.8037,,,1/31/2023,13.1366
11/11/2022,14.0461,,,2/1/2023,13.1085
11/14/2022,13.8256,,,2/2/2023,13.2041
11/16/2022,14.1345,,,2/3/2023,13.4355
11/17/2022,14.0655,,,2/6/2023,13.3033
11/18/2022,14.3247,,,2/7/2023,13.5374
11/21/2022,14.2443,,,2/8/2023,13.2912
11/22/2022,14.3196,,,2/9/2023,13.6116
11/23/2022,14.5267,,,2/10/2023,13.5616
11/24/2022,14.3031,,,2/13/2023,13.4483
11/25/2022,14.3865,,,2/14/2023,13.4929
11/28/2022,14.2683,,,2/15/2023,13.3865
11/29/2022,13.9873,,,2/16/2023,13.369
11/30/2022,13.9739,,,2/17/2023,13.2623
12/1/2022,14.0261,,,2/22/2023,13.3901
12/2/2022,13.8825,,,2/23/2023,13.3761
12/5/2022,14.0409,,,2/24/2023,13.5508
12/6/2022,13.9694,,,2/27/2023,13.3619
12/7/2022,13.9047,,,2/28/2023,13.4673
12/8/2022,13.8722,,,3/1/2023,13.5279
12/9/2022,13.8265,,,3/2/2023,13.7531
12/12/2022,13.978,,,3/3/2023,13.6981
12/13/2022,13.9739,,,3/6/2023,13.6403
12/14/2022,13.9894,,,3/7/2023,13.5723
12/15/2022,13.9116,,,3/8/2023,13.4028
12/16/2022,13.9447,,,3/9/2023,13.1486
12/19/2022,13.8674,,,3/10/2023,13.2702
12/20/2022,13.7881,,,3/13/2023,13.0862
12/21/2022,13.77,,,3/14/2023,13.2456
12/22/2022,13.7191,,,3/15/2023,13.1632
12/23/2022,13.6196,,,3/16/2023,13.2836
12/26/2022,13.6646,,,3/17/2023,13.2049
12/27/2022,13.6525,,,3/20/2023,13.1764
12/28/2022,13.5592,,,3/21/2023,13.2452
12/29/2022,13.5727,,,3/22/2023,13.0625
1/2/2023,13.5895,,,3/23/2023,13.1949
1/3/2023,13.7791,,,3/24/2023,13.1496
1/4/2023,13.77,,,3/27/2023,13.0425
1/5/2023,13.7143,,,3/28/2023,12.9299
1/6/2023,13.6176,,,3/29/2023,12.9622
1/9/2023,13.6392,,,3/30/2023,12.8249
1/10/2023,13.6305,,,3/31/2023,12.8432
1/11/2023,13.6504,,,4/3/2023,12.7273
1/12/2023,13.648,,,4/4/2023,12.6806
1/13/2023,13.6255,,,4/5/2023,12.5877
1/16/2023,13.6867,,,4/6/2023,12.6946
1/17/2023,13.6475,,,4/10/2023,12.7289
1/18/2023,13.6557,,,4/11/2023,12.5372
1/19/2023,13.6304,,,4/12/2023,12.4965
1/20/2023,13.6377,,,4/13/2023,12.2897
1/23/2023,13.6916,,,4/14/2023,12.3047
1/24/2023,13.6587,,,4/17/2023,12.3054
1/25/2023,13.6477,,,4/18/2023,12.5039
1/26/2023,13.6364,,,4/19/2023,12.6828
1/27/2023,13.4537,,,4/20/2023,12.6232
1/30/2023,13.4395,,,4/24/2023,12.4971
1/31/2023,13.4275,,,4/25/2023,12.3999
2/1/2023,13.4073,,,4/26/2023,12.3514
2/2/2023,13.6414,,,4/27/2023,12.3129
2/3/2023,13.7683,,,4/28/2023,12.361
2/6/2023,13.7279,,,5/2/2023,12.3393
2/7/2023,13.6231,,,5/3/2023,12.1376
2/8/2023,13.3531,,,5/4/2023,12.1426
2/9/2023,13.3035,,,5/5/2023,12.1239
2/10/2023,13.35,,,5/8/2023,12.2984
2/13/2023,13.4122,,,5/9/2023,12.4084
2/14/2023,13.3146,,,5/10/2023,12.1657
2/15/2023,13.1319,,,5/11/2023,11.9796
2/16/2023,13.0644,,,5/12/2023,11.7934
2/17/2023,13.065,,,5/15/2023,11.6176
2/20/2023,13.065,,,5/16/2023,11.7858
2/22/2023,13.2257,,,5/17/2023,11.7521
2/23/2023,13.2144,,,5/18/2023,11.8624
2/24/2023,13.3332,,,5/19/2023,11.8643
2/27/2023,13.1978,,,5/22/2023,11.8589
2/28/2023,13.2043,,,5/23/2023,11.7413
3/1/2023,13.1325,,,5/24/2023,11.6607
3/2/2023,13.2313,,,5/25/2023,11.6908
3/3/2023,13.2456,,,5/26/2023,11.5581
3/6/2023,13.1175,,,5/29/2023,11.6061
3/7/2023,13.0275,,,5/30/2023,11.6004
3/8/2023,12.8626,,,5/31/2023,11.5774
3/9/2023,12.8076,,,6/1/2023,11.5247
3/10/2023,12.9452,,,6/2/2023,11.3792
3/13/2023,12.7715,,,6/5/2023,11.2175
3/14/2023,12.8384,,,6/6/2023,11.1096
3/15/2023,12.668,,,6/7/2023,11.271
3/16/2023,12.7681,,,6/9/2023,11.2076
3/17/2023,12.7002,,,6/12/2023,11.2868
3/20/2023,12.75,,,6/13/2023,11.4606
3/21/2023,12.762,,,6/14/2023,11.1431
3/22/2023,12.7397,,,6/15/2023,11.2423
3/23/2023,12.8997,,,6/16/2023,11.1928
3/24/2023,12.7608,,,6/19/2023,11.1734
3/27/2023,12.727,,,6/20/2023,11.2167
3/28/2023,12.8145,,,6/21/2023,11.0341
3/29/2023,12.9588,,,6/22/2023,11.0808
3/30/2023,12.8677,,,6/23/2023,10.9739
3/31/2023,12.9141,,,6/26/2023,10.8787
4/3/2023,12.9061,,,6/27/2023,10.8846
4/4/2023,12.9386,,,6/28/2023,10.9223
4/5/2023,12.9059,,,6/29/2023,10.8727
4/6/2023,12.9647,,,6/30/2023,10.6394
4/10/2023,12.9076,,,7/3/2023,10.5439
4/11/2023,12.8114,,,7/4/2023,10.6849
4/12/2023,12.8185,,,7/5/2023,10.8221
4/13/2023,12.821,,,7/6/2023,10.8406
4/14/2023,12.8764,,,7/7/2023,10.6687
4/17/2023,12.9023,,,7/10/2023,10.7094
4/18/2023,12.941,,,7/11/2023,10.6444
4/19/2023,12.9757,,,7/12/2023,10.6691
4/20/2023,12.8964,,,7/13/2023,10.6939
4/24/2023,12.8614,,,7/14/2023,10.8278
4/25/2023,12.8364,,,7/17/2023,10.768
4/26/2023,12.8751,,,7/18/2023,10.7332
4/27/2023,12.923,,,7/19/2023,10.8349
4/28/2023,12.9917,,,7/20/2023,10.944
5/2/2023,12.9582,,,7/21/2023,10.936
5/3/2023,12.8965,,,7/24/2023,10.8493
5/4/2023,12.8714,,,7/25/2023,10.8088
5/5/2023,12.8241,,,7/26/2023,10.8678
5/8/2023,12.8444,,,7/27/2023,10.9699
5/9/2023,12.8876,,,7/28/2023,10.9735
5/10/2023,12.883,,,7/31/2023,10.8228
5/11/2023,12.8647,,,8/1/2023,10.8156
5/12/2023,12.9291,,,8/2/2023,10.7121
5/15/2023,12.9328,,,8/3/2023,10.8908
5/16/2023,12.9513,,,8/4/2023,10.8227
5/17/2023,12.9448,,,8/7/2023,10.8631
5/18/2023,12.9454,,,8/8/2023,10.7553
5/19/2023,12.9037,,,8/9/2023,10.8616
5/22/2023,12.9477,,,8/10/2023,10.8903
5/23/2023,12.9157,,,8/11/2023,10.9453
5/24/2023,12.8806,,,8/14/2023,11.0789
5/25/2023,12.7618,,,8/15/2023,11.1411
5/26/2023,12.7468,,,8/16/2023,11.1631
5/29/2023,12.8114,,,8/17/2023,11.2574
5/30/2023,12.7763,,,8/18/2023,11.2407
5/31/2023,12.8132,,,8/21/2023,11.347
6/1/2023,12.7543,,,8/22/2023,11.2621
6/2/2023,12.7814,,,8/23/2023,11.1144
6/5/2023,12.7006,,,8/24/2023,11.0905
6/6/2023,12.6385,,,8/25/2023,11.1009
6/7/2023,12.6003,,,8/28/2023,11.0373
6/9/2023,12.4951,,,8/29/2023,10.9261
6/12/2023,12.4811,,,8/30/2023,11.0612
6/13/2023,12.5878,,,8/31/2023,11.1944
6/14/2023,12.4989,,,9/1/2023,11.1043
6/15/2023,12.5139,,,9/4/2023,11.1578
6/16/2023,12.514,,,9/5/2023,11.2884
6/19/2023,12.5821,,,9/6/2023,11.3878
6/20/2023,12.4669,,,9/8/2023,11.3241
6/21/2023,12.491,,,9/11/2023,11.2974
6/22/2023,12.5582,,,9/12/2023,11.2559
6/23/2023,12.4685,,,9/13/2023,11.2031
6/26/2023,12.4611,,,9/14/2023,11.2107
6/27/2023,12.4477,,,9/15/2023,11.3157
6/28/2023,12.4332,,,9/18/2023,11.3101
6/29/2023,12.3588,,,9/19/2023,11.381
6/30/2023,12.2827,,,9/20/2023,11.3173
7/3/2023,12.1831,,,9/21/2023,11.4808
7/4/2023,12.2532,,,9/22/2023,11.4425
7/5/2023,12.2432,,,9/25/2023,11.5599
7/6/2023,12.2836,,,9/26/2023,11.8603
7/7/2023,12.2079,,,9/27/2023,11.8915
7/10/2023,12.2653,,,9/28/2023,11.7367
7/11/2023,12.2858,,,9/29/2023,11.6584
7/12/2023,12.3067,,,10/2/2023,11.8369
7/13/2023,12.3128,,,10/3/2023,12.1016
7/14/2023,12.3457,,,10/4/2023,11.9754
7/17/2023,12.2605,,,10/5/2023,12.0148
7/18/2023,12.2037,,,10/6/2023,11.962
7/19/2023,12.2231,,,10/9/2023,11.7755
7/20/2023,12.2054,,,10/10/2023,11.6776
7/21/2023,12.1757,,,10/11/2023,11.6961
7/24/2023,12.1398,,,10/13/2023,11.833
7/25/2023,12.0727,,,10/16/2023,11.7132
7/26/2023,12.0419,,,10/17/2023,11.8637
7/27/2023,12.0257,,,10/18/2023,11.8407
7/28/2023,12.0406,,,10/19/2023,12.0285
7/31/2023,12.0094,,,10/20/2023,11.9412
8/1/2023,12.0644,,,10/23/2023,11.8837
8/2/2023,12.0864,,,10/24/2023,11.7239
8/3/2023,11.9136,,,10/25/2023,11.7656
8/4/2023,11.893,,,10/26/2023,11.4821
8/7/2023,11.9452,,,10/27/2023,11.7212
8/8/2023,11.8905,,,10/30/2023,11.882
8/9/2023,11.8922,,,10/31/2023,11.8772
8/10/2023,11.8457,,,11/1/2023,11.662
8/11/2023,11.851,,,11/3/2023,11.4619
8/14/2023,11.8959,,,11/6/2023,11.592
8/15/2023,11.9063,,,11/7/2023,11.4432
8/16/2023,11.8986,,,11/8/2023,11.3506
8/17/2023,11.8946,,,11/9/2023,11.4408
8/18/2023,11.8824,,,11/10/2023,11.3271
8/21/2023,11.8878,,,11/13/2023,11.3407
8/22/2023,11.8554,,,11/14/2023,11.1677
8/23/2023,11.8309,,,11/16/2023,11.0792
8/24/2023,11.8096,,,11/17/2023,11.0608
8/25/2023,11.8765,,,11/20/2023,11.0844
8/28/2023,11.8706,,,11/21/2023,11.1772
8/29/2023,11.8503,,,11/22/2023,11.0965
8/30/2023,11.8286,,,11/23/2023,11.1347
8/31/2023,11.8485,,,11/24/2023,11.125
9/1/2023,11.8498,,,11/27/2023,10.9826
9/4/2023,11.9392,,,11/28/2023,10.9558
9/5/2023,11.8603,,,11/29/2023,10.8909
9/6/2023,11.8478,,,11/30/2023,10.9104
9/8/2023,11.7977,,,12/1/2023,10.8981
9/11/2023,11.7608,,,12/4/2023,10.9918
9/12/2023,11.7371,,,12/5/2023,10.9818
9/13/2023,11.7203,,,12/6/2023,10.9062
9/14/2023,11.7202,,,12/7/2023,10.9221
9/15/2023,11.7354,,,12/8/2023,10.9467
9/18/2023,11.7369,,,12/11/2023,11.0008
9/19/2023,11.7371,,,12/12/2023,10.9204
9/20/2023,11.7412,,,12/13/2023,10.6565
9/21/2023,11.734,,,12/14/2023,10.7005
9/22/2023,11.729,,,12/15/2023,10.684
9/25/2023,11.7202,,,12/18/2023,10.6189
9/26/2023,11.7388,,,12/19/2023,10.5547
9/27/2023,11.7877,,,12/20/2023,10.4847
9/28/2023,11.7774,,,12/21/2023,10.4456
9/29/2023,11.7823,,,12/22/2023,10.4
10/2/2023,11.8214,,,12/26/2023,10.3373
10/3/2023,11.8817,,,12/27/2023,10.3011
10/4/2023,11.7945,,,12/28/2023,10.3745
10/5/2023,11.7841,,,1/2/2024,10.4387
10/6/2023,11.7696,,,1/3/2024,10.4584
10/9/2023,11.8768,,,1/4/2024,10.5651
10/10/2023,11.7535,,,1/5/2024,10.5952
10/11/2023,11.8001,,,1/8/2024,10.6492
10/12/2023,11.7925,,,1/9/2024,10.6807
10/13/2023,11.8133,,,1/10/2024,10.6121
10/16/2023,11.7655,,,1/11/2024,10.5657
10/17/2023,11.7773,,,1/12/2024,10.5313
10/18/2023,11.7857,,,1/15/2024,10.5401
10/19/2023,11.778,,,1/16/2024,10.7186
10/20/2023,11.7345,,,1/17/2024,10.8024
10/23/2023,11.718,,,1/18/2024,10.85
10/24/2023,11.6992,,,1/19/2024,10.7842
10/25/2023,11.689,,,1/22/2024,10.8556
10/26/2023,11.6522,,,1/23/2024,10.8229
10/27/2023,11.6758,,,1/24/2024,10.7747
10/30/2023,11.6842,,,1/25/2024,10.7272
10/31/2023,11.6463,,,1/26/2024,10.687
11/1/2023,11.6071,,,1/29/2024,10.7256
11/3/2023,11.5662,,,1/30/2024,10.7819
11/6/2023,11.5811,,,1/31/2024,10.6635
11/7/2023,11.5581,,,2/1/2024,10.6183
11/8/2023,11.5344,,,2/2/2024,10.706
11/9/2023,11.5369,,,2/5/2024,10.7331
11/10/2023,11.45,,,2/6/2024,10.6985
11/13/2023,11.4525,,,2/7/2024,10.6914
11/14/2023,11.4656,,,2/8/2024,10.8081
11/15/2023,11.4755,,,2/9/2024,10.8322
11/16/2023,11.4718,,,2/14/2024,10.8876
11/17/2023,11.4431,,,2/15/2024,10.8753
11/20/2023,11.4536,,,2/16/2024,10.8613
11/21/2023,11.4787,,,2/19/2024,10.8339
11/22/2023,11.4719,,,2/20/2024,10.7982
11/23/2023,11.6129,,,2/21/2024,10.7995
11/24/2023,11.403,,,2/22/2024,10.9182
11/27/2023,11.3662,,,2/23/2024,10.897
11/28/2023,11.36,,,2/26/2024,10.9639
11/29/2023,11.3438,,,2/27/2024,10.8932
11/30/2023,11.3143,,,2/28/2024,10.9149
12/1/2023,11.3656,,,2/29/2024,10.8606
12/4/2023,11.2956,,,3/1/2024,10.8284
12/5/2023,11.3193,,,3/4/2024,10.78
12/6/2023,11.2756,,,3/5/2024,10.7708
12/7/2023,11.2498,,,3/6/2024,10.7684
12/8/2023,11.3037,,,3/7/2024,10.7759
12/11/2023,11.2512,,,3/8/2024,10.8749
12/12/2023,11.2192,,,3/11/2024,10.829
12/13/2023,11.1888,,,3/12/2024,10.7956
12/14/2023,11.1975,,,3/13/2024,10.8374
12/15/2023,11.1912,,,3/14/2024,10.9459
12/18/2023,11.2036,,,3/15/2024,11.0553
12/19/2023,11.2312,,,3/18/2024,11.0951
12/20/2023,11.2525,,,3/19/2024,11.0534
12/21/2023,11.2638,,,3/20/2024,10.9085
12/22/2023,11.2372,,,3/21/2024,11.036
12/25/2023,11.2371,,,3/22/2024,11.0332
12/26/2023,11.2187,,,3/25/2024,11.0032
12/27/2023,11.185,,,3/26/2024,11.0254
12/28/2023,11.1838,,,3/27/2024,11.0609
1/1/2024,11.3773,,,3/28/2024,11.1004
1/2/2024,11.2031,,,4/1/2024,11.1893
1/3/2024,11.2051,,,4/2/2024,11.2504
1/4/2024,11.2235,,,4/3/2024,11.2835
1/5/2024,11.2412,,,4/4/2024,11.3263
1/8/2024,11.1867,,,4/5/2024,11.368
1/9/2024,11.2295,,,4/8/2024,11.3673
1/10/2024,9.9921,,,4/9/2024,11.2536
1/11/2024,9.9801,,,4/10/2024,11.4654
1/12/2024,9.9206,,,4/11/2024,11.5132
1/15/2024,9.9119,,,4/12/2024,11.4954
1/16/2024,10.0101,,,4/15/2024,11.7349
1/17/2024,9.9737,,,4/16/2024,12.0068
1/18/2024,9.9537,,,4/17/2024,11.6982
1/19/2024,9.9685,,,4/18/2024,11.6118
1/22/2024,9.9531,,,4/19/2024,11.5195
1/23/2024,9.9585,,,4/22/2024,11.6017
1/24/2024,9.9376,,,4/23/2024,11.563
1/25/2024,9.895,,,4/24/2024,11.6598
1/26/2024,9.8199,,,4/25/2024,11.7391
1/29/2024,9.8512,,,4/26/2024,11.6807
1/30/2024,9.8825,,,4/29/2024,11.6737
1/31/2024,9.8595,,,4/30/2024,11.8695
2/1/2024,9.7971,,,5/2/2024,11.6536
2/2/2024,9.8601,,,5/3/2024,11.492
2/5/2024,9.8708,,,5/6/2024,11.5789
2/6/2024,9.8354,,,5/7/2024,11.4982
2/7/2024,9.8381,,,5/8/2024,11.5655
2/8/2024,9.915,,,5/9/2024,11.7287
2/9/2024,9.9112,,,5/10/2024,11.8549
2/14/2024,9.9416,,,5/13/2024,11.7548
2/15/2024,9.9255,,,5/14/2024,11.6407
2/16/2024,9.9651,,,5/15/2024,11.6184
2/19/2024,9.9423,,,5/16/2024,11.654
2/20/2024,9.904,,,5/17/2024,11.7298
2/21/2024,9.893,,,5/20/2024,11.7719
2/22/2024,9.9389,,,5/21/2024,11.7133
2/23/2024,9.9443,,,5/22/2024,11.8369
2/26/2024,9.9804,,,5/23/2024,11.6982
2/27/2024,9.903,,,5/24/2024,11.7725
2/28/2024,9.916,,,5/27/2024,11.7386
2/29/2024,9.8659,,,5/28/2024,11.8207
3/1/2024,9.8495,,,5/29/2024,11.8893
3/4/2024,9.8261,,,5/31/2024,11.9009
3/5/2024,9.7801,,,6/3/2024,11.8388
3/6/2024,9.7765,,,6/4/2024,11.9025
3/7/2024,9.7769,,,6/5/2024,11.8829
3/8/2024,9.7873,,,6/6/2024,11.8349
3/11/2024,9.7635,,,6/7/2024,12.091
3/12/2024,9.7238,,,6/10/2024,12.0252
3/13/2024,9.7416,,,6/11/2024,12.0417
3/14/2024,9.8114,,,6/12/2024,12.29
3/15/2024,9.8885,,,6/13/2024,12.1539
3/18/2024,9.9146,,,6/14/2024,11.9899
3/19/2024,9.884,,,6/17/2024,11.9945
3/20/2024,9.8177,,,6/18/2024,12.0419
3/21/2024,9.8586,,,6/19/2024,11.9516
3/22/2024,9.8392,,,6/20/2024,12.0765
3/25/2024,9.7951,,,6/21/2024,11.9678
3/26/2024,9.8506,,,6/24/2024,11.9074
3/27/2024,9.8378,,,6/25/2024,11.9745
3/28/2024,9.8381,,,6/26/2024,12.0801
4/1/2024,9.8385,,,6/27/2024,12.1816
4/2/2024,9.8744,,,6/28/2024,12.3416
4/3/2024,9.9034,,,7/1/2024,12.334
4/4/2024,9.9042,,,7/2/2024,12.3215
4/5/2024,9.9641,,,7/3/2024,12.1532
4/8/2024,9.9438,,,7/4/2024,12.0315
4/9/2024,9.8907,,,7/5/2024,11.9372
4/10/2024,10.0095,,,7/8/2024,11.8809
4/11/2024,10.0858,,,7/9/2024,11.8131
4/12/2024,10.0428,,,7/10/2024,11.6692
4/15/2024,10.1731,,,7/11/2024,11.6618
4/16/2024,10.3802,,,7/12/2024,11.7032
4/17/2024,10.5023,,,7/15/2024,11.821
4/18/2024,10.4578,,,7/16/2024,11.7774
4/19/2024,10.3701,,,7/17/2024,11.8734
4/22/2024,10.3122,,,7/18/2024,12.0131
4/23/2024,10.3252,,,7/19/2024,12.1261
4/24/2024,10.3868,,,7/22/2024,11.9939
4/25/2024,10.3779,,,7/23/2024,12.123
4/26/2024,10.2357,,,7/24/2024,12.119
4/29/2024,10.1791,,,7/25/2024,12.2173
4/30/2024,10.3717,,,7/26/2024,12.104
5/2/2024,10.2479,,,7/29/2024,12.1202
5/3/2024,10.1734,,,7/30/2024,12.0454
5/6/2024,10.2598,,,7/31/2024,11.8913
5/7/2024,10.2371,,,8/1/2024,12.008
5/8/2024,10.2433,,,8/2/2024,11.7766
5/9/2024,10.2752,,,8/5/2024,11.7332
5/10/2024,10.3343,,,8/6/2024,11.8736
5/13/2024,10.3424,,,8/7/2024,11.8578
5/14/2024,10.3536,,,8/8/2024,11.8066
5/15/2024,10.3787,,,8/9/2024,11.5541
5/16/2024,10.3848,,,8/12/2024,11.5905
5/17/2024,10.4084,,,8/13/2024,11.3909
5/20/2024,10.4322,,,8/14/2024,11.4628
5/21/2024,10.4159,,,8/15/2024,11.4393
5/22/2024,10.4857,,,8/16/2024,11.4778
5/23/2024,10.4658,,,8/19/2024,11.4313
5/24/2024,10.5201,,,8/20/2024,11.5342
5/27/2024,10.4459,,,8/21/2024,11.5953
5/28/2024,10.4443,,,8/22/2024,11.7535
5/29/2024,10.5108,,,8/23/2024,11.669
5/31/2024,10.4825,,,8/26/2024,11.6484
6/3/2024,10.4683,,,8/27/2024,11.7381
6/4/2024,10.5219,,,8/28/2024,11.8463
6/5/2024,10.5884,,,8/29/2024,11.9382
6/6/2024,10.5507,,,8/30/2024,12.2403
6/7/2024,10.7543,,,9/2/2024,12.1787
6/10/2024,10.7953,,,9/3/2024,12.1551
6/11/2024,10.7535,,,9/4/2024,12.0067
6/12/2024,10.8326,,,9/5/2024,11.8649
6/13/2024,10.7498,,,9/6/2024,11.8703
6/14/2024,10.7452,,,9/9/2024,11.8438
6/17/2024,10.7988,,,9/10/2024,11.8543
6/18/2024,10.7711,,,9/11/2024,11.8774
6/19/2024,10.8286,,,9/12/2024,12.0227
6/20/2024,10.7079,,,9/13/2024,11.9445
6/21/2024,10.649,,,9/16/2024,12.0559
6/24/2024,10.6156,,,9/17/2024,12.0763
6/25/2024,10.6233,,,9/18/2024,12.0714
6/26/2024,10.7141,,,9/19/2024,12.1669
6/27/2024,10.7346,,,9/20/2024,12.3924
6/28/2024,10.9635,,,9/23/2024,12.5152
7/1/2024,11.1225,,,9/24/2024,12.2919
7/2/2024,11.0455,,,9/25/2024,12.2545
7/3/2024,10.9313,,,9/26/2024,12.2818
7/4/2024,10.993,,,9/27/2024,12.3009
7/8/2024,10.7617,,,9/30/2024,12.448
7/9/2024,10.7476,,,10/1/2024,12.3071
7/10/2024,10.6856,,,10/2/2024,12.3024
7/11/2024,10.6947,,,10/3/2024,12.3284
7/12/2024,10.7555,,,10/4/2024,12.3278
7/15/2024,10.7405,,,10/7/2024,12.1985
7/16/2024,10.7175,,,10/8/2024,12.1864
7/18/2024,10.8538,,,10/9/2024,12.3416
7/19/2024,10.9306,,,10/10/2024,12.404
7/22/2024,10.8789,,,10/11/2024,12.5462
7/23/2024,10.9214,,,10/14/2024,12.4724
7/24/2024,10.9621,,,10/15/2024,12.6018
7/25/2024,11.1153,,,10/16/2024,12.6962
7/26/2024,11.0669,,,10/17/2024,12.7681
7/29/2024,11.0635,,,10/18/2024,12.7915
7/30/2024,10.9916,,,10/21/2024,12.7908
7/31/2024,11.0066,,,10/22/2024,12.7322
8/1/2024,10.9644,,,10/23/2024,12.8457
8/2/2024,10.7344,,,10/24/2024,12.5721
8/5/2024,10.7392,,,10/25/2024,12.699
8/6/2024,10.9921,,,10/28/2024,12.7164
8/7/2024,10.9836,,,10/29/2024,12.7999
8/8/2024,11.0304,,,10/30/2024,12.7437
8/9/2024,11.0258,,,10/31/2024,12.8097
8/12/2024,11.0796,,,11/1/2024,12.9895
8/13/2024,11.0154,,,11/4/2024,12.84
8/14/2024,11.0116,,,11/5/2024,12.7424
8/15/2024,11.0765,,,11/6/2024,12.7164
8/16/2024,11.1777,,,11/7/2024,12.5563
8/19/2024,11.2007,,,11/8/2024,12.5749
8/20/2024,11.1224,,,11/11/2024,12.6044
8/21/2024,11.0528,,,11/12/2024,12.8273
8/22/2024,11.177,,,11/13/2024,12.7706
8/23/2024,11.1011,,,11/14/2024,12.9087
8/26/2024,11.1053,,,11/18/2024,12.8991
8/27/2024,11.2008,,,11/19/2024,12.8624
8/28/2024,11.2976,,,11/21/2024,12.824
8/29/2024,11.3672,,,11/22/2024,12.8695
8/30/2024,11.3582,,,11/25/2024,12.8343
9/2/2024,11.4413,,,11/26/2024,12.8047
9/3/2024,11.3576,,,11/27/2024,13.1444
9/4/2024,11.261,,,11/28/2024,13.5616
9/5/2024,11.2277,,,11/29/2024,13.4429
9/6/2024,11.2706,,,12/2/2024,13.5331
9/9/2024,11.2669,,,12/3/2024,13.7693
9/10/2024,11.243,,,12/4/2024,13.7359
9/11/2024,11.2767,,,12/5/2024,13.7956
9/12/2024,11.3455,,,12/6/2024,13.9043
9/13/2024,11.2925,,,12/9/2024,14.135
9/16/2024,11.329,,,12/10/2024,13.6751
9/17/2024,11.2906,,,12/11/2024,13.3864
9/18/2024,11.2921,,,12/12/2024,13.6605
9/19/2024,11.4154,,,12/13/2024,14.1482
9/20/2024,11.4582,,,12/16/2024,14.7958
9/23/2024,11.4998,,,12/17/2024,14.4908
9/24/2024,11.4428,,,12/18/2024,14.9616
9/25/2024,11.4083,,,12/19/2024,14.5869
9/26/2024,11.4329,,,12/20/2024,14.1899
9/27/2024,11.4551,,,12/23/2024,14.514
9/30/2024,11.467,,,12/26/2024,14.9362
10/1/2024,11.4728,,,12/27/2024,15.1939
10/2/2024,11.4613,,,12/30/2024,15.1992
10/3/2024,11.5056,,,1/2/2025,14.8483
10/4/2024,11.587,,,1/3/2025,14.7737
10/7/2024,11.5741,,,1/6/2025,14.4716
10/8/2024,11.5631,,,1/7/2025,14.671
10/9/2024,11.6426,,,1/8/2025,14.837
10/10/2024,11.6456,,,1/9/2025,14.8324
10/11/2024,11.682,,,1/10/2025,15.0999
10/14/2024,11.7903,,,1/13/2025,15.1333
10/15/2024,11.7095,,,1/14/2025,14.8589
10/16/2024,11.7082,,,1/15/2025,14.6744
10/17/2024,11.7197,,,1/16/2025,14.9799
10/18/2024,12.5026,,,1/17/2025,15.2143
10/21/2024,12.4535,,,1/20/2025,15.1054
10/22/2024,12.4678,,,1/21/2025,15.0992
10/23/2024,12.5233,,,1/22/2025,15.0001
10/24/2024,12.3869,,,1/23/2025,15.2512
10/25/2024,12.4797,,,1/24/2025,15.2063
10/28/2024,12.4867,,,1/27/2025,15.0775
10/29/2024,12.5269,,,1/28/2025,15.0868
10/30/2024,12.5139,,,1/29/2025,15.1451
10/31/2024,12.5928,,,1/30/2025,15.0131
11/1/2024,12.8321,,,1/31/2025,14.8191
11/4/2024,12.6596,,,2/3/2025,14.5167
11/5/2024,12.615,,,2/4/2025,14.5043
11/6/2024,12.7413,,,2/5/2025,14.7152
11/7/2024,12.7863,,,2/6/2025,14.7768
11/8/2024,12.8457,,,2/7/2025,14.9567
11/11/2024,12.9074,,,2/10/2025,14.9583
11/12/2024,12.9458,,,2/11/2025,14.9164
11/13/2024,12.9668,,,2/12/2025,14.9944
11/14/2024,12.966,,,2/13/2025,14.9215
11/18/2024,13.01,,,2/14/2025,14.5777
11/19/2024,12.9054,,,2/17/2025,14.4437
11/21/2024,12.9156,,,2/18/2025,14.4342
11/22/2024,12.9581,,,2/19/2025,14.6011
11/25/2024,13.0138,,,2/20/2025,14.708
11/26/2024,13.0003,,,2/21/2025,14.66
11/27/2024,13.2021,,,2/24/2025,14.828
11/28/2024,13.2689,,,2/25/2025,14.809
11/29/2024,13.687,,,2/26/2025,15.1106
12/2/2024,13.5519,,,2/27/2025,15.1238
12/3/2024,13.6436,,,2/28/2025,15.2731
12/4/2024,13.7281,,,3/5/2025,15.0178
12/5/2024,13.7985,,,3/6/2025,15.139
12/6/2024,13.8834,,,3/7/2025,14.871
12/9/2024,14.135,,,3/10/2025,14.9353
12/10/2024,13.9719,,,3/11/2025,14.7903
12/11/2024,13.8719,,,3/12/2025,14.9346
12/12/2024,14.2731,,,3/13/2025,14.7934
12/13/2024,14.4488,,,3/14/2025,14.8257
12/16/2024,14.6275,,,3/17/2025,14.7486
12/17/2024,14.705,,,3/18/2025,14.6249
12/18/2024,14.905,,,3/19/2025,14.5393
12/19/2024,14.6658,,,3/20/2025,14.8507
12/20/2024,14.6246,,,3/21/2025,14.856
12/23/2024,14.8625,,,3/24/2025,15.067
12/25/2024,14.9455,,,3/25/2025,15.0699
12/26/2024,14.892,,,3/26/2025,15.1625
12/27/2024,14.9969,,,3/27/2025,15.1294
12/30/2024,14.8585,,,3/28/2025,15.1416
1/1/2025,14.9431,,,3/31/2025,15.0966
1/2/2025,14.7213,,,4/1/2025,14.9616
1/3/2025,14.6583,,,4/2/2025,15.0042
1/6/2025,14.5788,,,4/3/2025,14.7493
1/7/2025,14.6081,,,4/4/2025,14.7355
1/8/2025,14.58,,,4/7/2025,14.8773
1/9/2025,14.5666,,,4/8/2025,14.942
1/10/2025,14.6913,,,4/9/2025,14.9677
1/13/2025,14.5671,,,4/10/2025,15.1649
1/14/2025,14.5218,,,4/11/2025,14.8258
1/15/2025,14.4788,,,4/14/2025,14.6329
1/16/2025,14.529,,,4/15/2025,14.665
1/17/2025,14.5735,,,4/16/2025,14.6584
1/20/2025,14.6625,,,4/17/2025,14.5754
1/21/2025,14.5521,,,4/22/2025,14.7164
1/22/2025,14.5438,,,4/23/2025,14.5797
1/23/2025,14.66,,,4/24/2025,14.3175
1/24/2025,14.7259,,,4/25/2025,14.3005
1/27/2025,14.7313,,,4/28/2025,14.279
1/28/2025,14.7373,,,4/29/2025,14.2361
1/29/2025,14.785,,,4/30/2025,14.0884
1/30/2025,14.5167,,,5/2/2025,14.0798
1/31/2025,14.59,,,5/5/2025,14.1193
2/3/2025,14.5638,,,5/6/2025,13.9903
2/4/2025,14.5929,,,5/7/2025,13.9101
2/5/2025,14.6313,,,5/8/2025,13.8788
2/6/2025,14.6203,,,5/9/2025,13.7738
2/7/2025,14.673,,,5/12/2025,13.8699
2/10/2025,14.6475,,,5/13/2025,14.0126
2/11/2025,14.6275,,,5/14/2025,14.1729
2/12/2025,14.59,,,5/15/2025,14.0259
2/13/2025,14.5663,,,5/16/2025,14.0295
3/10/2025,14.8539,,,5/19/2025,14.0149
3/11/2025,14.7614,,,5/20/2025,14.0992
3/31/2025,15.0388,,,5/21/2025,14.2192
4/1/2025,15.0113,,,5/22/2025,14.1638
4/3/2025,14.6994,,,5/23/2025,14.1403
4/4/2025,14.5938,,,5/26/2025,14.0858
4/7/2025,14.6275,,,5/27/2025,13.9531
4/8/2025,14.7206,,,5/28/2025,13.993
4/9/2025,14.7894,,,5/29/2025,13.9857
4/10/2025,14.8094,,,5/30/2025,14.0316
5/21/2025,14.6396,,,6/2/2025,14.0449
6/30/2025,14.7865,,,6/3/2025,14.0096
7/4/2025,14.4553,,,6/4/2025,13.9904
7/7/2025,14.474,,,6/5/2025,14.1748
7/8/2025,14.45,,,6/6/2025,14.0988
7/9/2025,14.5268,,,6/9/2025,14.0818
7/10/2025,14.554,,,6/10/2025,14.0055
7/11/2025,14.5861,,,6/11/2025,13.9846
7/14/2025,14.5485,,,6/12/2025,14.0085
7/15/2025,14.5767,,,6/13/2025,13.9768
7/16/2025,14.5982,,,6/16/2025,13.9328
7/17/2025,14.5766,,,6/17/2025,13.9758
7/18/2025,14.5994,,,6/18/2025,13.9847
7/21/2025,14.5776,,,6/20/2025,13.8385
7/22/2025,14.5026,,,6/23/2025,13.8743
7/23/2025,14.4946,,,6/24/2025,13.9413
7/24/2025,14.4765,,,6/25/2025,13.9509
7/25/2025,14.4839,,,6/26/2025,13.8814
7/28/2025,14.4836,,,6/27/2025,13.83
7/29/2025,14.4252,,,6/30/2025,13.531
7/30/2025,14.4927,,,7/1/2025,13.4885
7/31/2025,14.593,,,7/2/2025,13.4888
8/1/2025,14.4623,,,7/3/2025,13.5919
8/4/2025,14.4282,,,7/4/2025,13.6024
8/5/2025,14.4338,,,7/7/2025,13.7356
8/6/2025,14.4264,,,7/8/2025,13.7583
8/7/2025,14.3681,,,7/9/2025,13.9695
8/8/2025,14.4113,,,7/10/2025,13.8855
8/11/2025,14.3631,,,7/11/2025,13.8728
8/12/2025,14.2704,,,7/14/2025,13.9671
8/13/2025,14.2268,,,7/15/2025,14.1177
8/14/2025,14.2438,,,7/16/2025,14.2117
8/15/2025,14.2263,,,7/17/2025,14.0779
8/18/2025,14.2642,,,7/18/2025,14.1348
8/19/2025,14.3938,,,7/21/2025,14.0957
8/20/2025,14.3083,,,7/22/2025,13.9868
8/21/2025,14.347,,,7/23/2025,14.0618
8/22/2025,14.2439,,,7/24/2025,14.1468
8/25/2025,14.19,,,7/25/2025,14.1697
8/26/2025,14.2548,,,7/28/2025,14.1481
8/27/2025,14.2395,,,7/29/2025,13.9576
8/28/2025,14.2347,,,7/30/2025,14.0015
8/29/2025,14.2427,,,7/31/2025,14.0854
9/1/2025,14.2989,,,8/1/2025,14.0413
9/2/2025,14.2627,,,8/4/2025,13.9175
9/3/2025,14.2721,,,8/5/2025,13.9988
9/4/2025,14.2568,,,8/6/2025,13.96
9/5/2025,14.2086,,,8/7/2025,13.8341
9/8/2025,14.2221,,,8/8/2025,13.859
9/9/2025,14.2469,,,8/11/2025,13.7811
9/10/2025,14.2806,,,8/12/2025,13.7871
9/11/2025,14.301,,,8/13/2025,13.8067
9/12/2025,14.3031,,,8/14/2025,13.8167
9/15/2025,14.2599,,,8/15/2025,13.7643
9/16/2025,14.2322,,,8/18/2025,13.9315
9/17/2025,14.2221,,,8/19/2025,14.1032
9/18/2025,14.2698,,,8/20/2025,14.0462
9/19/2025,14.2688,,,8/21/2025,14.1655
9/22/2025,14.3068,,,8/22/2025,14.0954
9/23/2025,14.2638,,,8/25/2025,14.0346
9/24/2025,14.2778,,,8/26/2025,14.0371
9/25/2025,14.3245,,,8/27/2025,14.0803
9/26/2025,14.2782,,,8/28/2025,13.9228
9/29/2025,14.3184,,,8/29/2025,13.942
9/30/2025,14.3169,,,9/1/2025,13.9853
10/1/2025,14.2986,,,9/2/2025,14.0953
10/2/2025,14.3295,,,9/3/2025,14.1008
10/3/2025,14.3361,,,9/4/2025,14.0946
10/6/2025,14.3395,,,9/5/2025,13.9213
10/7/2025,14.3702,,,9/8/2025,13.9103
10/8/2025,14.3377,,,9/9/2025,13.8966
10/9/2025,14.2841,,,9/10/2025,13.8425
10/10/2025,14.2423,,,9/11/2025,13.812
10/13/2025,14.3051,,,9/12/2025,13.7746
10/14/2025,14.2389,,,9/15/2025,13.7643
10/15/2025,14.2617,,,9/16/2025,13.6142
10/16/2025,14.2555,,,9/17/2025,13.5694
10/17/2025,14.2583,,,9/18/2025,13.6166
10/20/2025,14.223,,,9/19/2025,13.6111
10/21/2025,14.1932,,,9/22/2025,13.7313
10/22/2025,14.1492,,,9/23/2025,13.6398
10/23/2025,14.1463,,,9/24/2025,13.6379
10/24/2025,14.0985,,,9/25/2025,13.664
10/27/2025,14.1135,,,9/26/2025,13.7285
10/28/2025,14.1119,,,9/29/2025,13.7785
10/29/2025,14.1406,,,9/30/2025,13.7271
10/30/2025,14.185,,,10/1/2025,13.7229
10/31/2025,14.1302,,,10/2/2025,13.8476
11/3/2025,14.1538,,,10/3/2025,13.8601
11/4/2025,14.1465,,,10/6/2025,13.8672
11/5/2025,14.1278,,,10/7/2025,13.9873
11/6/2025,14.1581,,,10/8/2025,13.9506
11/7/2025,14.1483,,,10/9/2025,13.9326
11/10/2025,14.1306,,,10/10/2025,14.0304
11/11/2025,14.1988,,,10/13/2025,14.034
11/12/2025,13.9816,,,10/14/2025,14.0133
11/13/2025,13.9932,,,10/15/2025,13.8923
11/14/2025,13.9601,,,10/16/2025,13.9629
11/17/2025,13.9784,,,10/17/2025,13.9681
11/18/2025,13.9606,,,10/20/2025,13.8939
11/19/2025,13.9556,,,10/21/2025,13.8692
11/21/2025,13.9521,,,10/22/2025,13.8165
11/24/2025,13.893,,,10/23/2025,13.8146
11/25/2025,13.8674,,,10/24/2025,13.7093
11/26/2025,13.8791,,,10/27/2025,13.7181
11/27/2025,13.9496,,,10/28/2025,13.7625
11/28/2025,13.9333,,,10/29/2025,13.8621
12/1/2025,13.9594,,,10/30/2025,13.8814
12/2/2025,13.9237,,,10/31/2025,13.7771
12/3/2025,13.9394,,,11/3/2025,13.7972
12/4/2025,13.8952,,,11/4/2025,13.8691
12/5/2025,14.1174,,,11/5/2025,13.787
12/8/2025,14.0824,,,11/6/2025,13.8137
12/9/2025,14.0595,,,11/7/2025,13.8217
12/10/2025,14.0375,,,11/10/2025,13.6909
12/11/2025,14.042,,,11/11/2025,13.6345
12/12/2025,13.9599,,,11/12/2025,13.6312
12/15/2025,13.952,,,11/13/2025,13.6829
12/16/2025,14.0313,,,11/14/2025,13.6726
12/17/2025,14.0925,,,11/17/2025,13.7028
12/18/2025,14.113,,,11/18/2025,13.7245
12/19/2025,14.0514,,,11/19/2025,13.6677
12/22/2025,14.1106,,,11/21/2025,13.6391
12/23/2025,14.1264,,,11/24/2025,13.5977
12/25/2025,14.2053,,,11/25/2025,13.5665
12/26/2025,14.0687,,,11/26/2025,13.4861
12/29/2025,14.0968,,,11/27/2025,13.4558
12/30/2025,14.1141,,,11/28/2025,13.4171
1/1/2026,14.1946,,,12/1/2025,13.3747
,,,,12/2/2025,13.2688
,,,,12/3/2025,13.2843
,,,,12/4/2025,13.2264
,,,,12/5/2025,13.7779
,,,,12/8/2025,13.6991
,,,,12/9/2025,13.7644
,,,,12/10/2025,13.7997
,,,,12/11/2025,13.7252
,,,,12/12/2025,13.6396
,,,,12/15/2025,13.5508
,,,,12/16/2025,13.7062
,,,,12/17/2025,13.902
,,,,12/18/2025,13.9118
,,,,12/19/2025,13.82
,,,,12/22/2025,13.9338
,,,,12/23/2025,13.8735
,,,,12/26/2025,13.8282
,,,,12/29/2025,13.8246
,,,,12/30/2025,13.7569
